feature	metadata	value	coef	stderr	N	N.not.0	pval	qval
d__Bacteria.p__Proteobacteria.c__Gammaproteobacteria.o__Alteromonadales.f__Pseudoalteromonadaceae.g__Algicola.s__uncultured_bacterium	stage	.L	2.84312826761612	0.155792517608216	63	63	3.33511199401792e-23	7.75413538609165e-20
d__Bacteria.p__Proteobacteria.c__Gammaproteobacteria.o__Vibrionales.f__Vibrionaceae.g__Vibrio.s__Vibrio_mediterranei	stage	.L	-1.97347201926789	0.129938942756374	63	63	6.12255988021214e-20	7.11747586074661e-17
d__Bacteria.p__Proteobacteria.c__Gammaproteobacteria.o__Alteromonadales.f__Colwelliaceae.g__Thalassotalea.s__uncultured_marine	stage	.L	2.67980732134503	0.212554372045186	63	61	3.26338743760491e-17	2.5291252641438e-14
d__Bacteria.p__Proteobacteria.c__Gammaproteobacteria.o__Oceanospirillales.f__Nitrincolaceae.g__Amphritea.__	stage	.L	1.64606604762487	0.139697459944179	63	63	1.25849997247851e-16	7.31503109003131e-14
d__Bacteria.p__Proteobacteria.c__Gammaproteobacteria.o__Pseudomonadales.f__Pseudomonadaceae.g__Pseudomonas.__	stage	.L	-2.79758990204924	0.232922629593885	63	62	5.03888467931424e-16	2.34308137588112e-13
d__Bacteria.p__Proteobacteria.c__Alphaproteobacteria.o__Rhodobacterales.f__Rhodobacteraceae.__.__	stage	.L	1.50380039511766	0.12778436261853	63	63	8.61971576831559e-16	2.87593593107933e-13
d__Bacteria.p__Proteobacteria.c__Gammaproteobacteria.o__Alteromonadales.f__Colwelliaceae.g__Thalassotalea.__	stage	.L	2.06191162735873	0.186669722300449	63	63	8.65873183550767e-16	2.87593593107933e-13
d__Bacteria.p__Proteobacteria.c__Gammaproteobacteria.o__Alteromonadales.f__Shewanellaceae.g__Psychrobium.s__uncultured_bacterium	stage	.L	3.30823002941609	0.315977980675624	63	60	9.10942398888074e-15	2.64742634676846e-12
d__Bacteria.p__Proteobacteria.c__Gammaproteobacteria.o__Oceanospirillales.f__Nitrincolaceae.g__Nitrincolaceae.s__uncultured_gamma	stage	.L	1.97016251066801	0.190459956031261	63	63	3.27879716036776e-14	8.4702259976167e-12
d__Bacteria.p__Proteobacteria.c__Alphaproteobacteria.o__Rhodobacterales.f__Rhodobacteraceae.g__Nautella.__	stage	.L	1.47529262111475	0.145666358644397	63	63	3.97817885814876e-14	9.24926584519588e-12
d__Bacteria.p__Proteobacteria.c__Gammaproteobacteria.o__Alteromonadales.f__Colwelliaceae.g__Thalassotalea.s__Thalassotalea_montiporae	stage	.L	3.28253630887721	0.310740842898648	63	38	5.09175141716876e-14	1.07621109499249e-11
d__Bacteria.p__Bacteroidota.c__Bacteroidia.o__Flavobacteriales.f__Flavobacteriaceae.g__Aquibacter.__	stage	.L	2.5833692555482	0.252782664182065	63	47	1.39596884993358e-13	2.70468964674632e-11
d__Bacteria.p__Proteobacteria.c__Alphaproteobacteria.o__SAR11_clade.f__Clade_II.g__Clade_II.s__unidentified_marine	stage	.L	-2.0084139790409	0.207619053889353	63	61	3.01659681252958e-13	5.39506737625483e-11
d__Bacteria.p__Actinobacteriota.c__Acidimicrobiia.o__Actinomarinales.f__Actinomarinaceae.g__Candidatus_Actinomarina.__	stage	.L	-2.8368512601535	0.300727418573272	63	60	3.96723418255636e-13	6.19638135973652e-11
d__Bacteria.p__Proteobacteria.c__Gammaproteobacteria.o__Oceanospirillales.f__Saccharospirillaceae.g__Litoribrevibacter.s__Litoribrevibacter_euphylliae	stage	.L	1.88373950620052	0.196972592322572	63	63	3.9976653933784e-13	6.19638135973652e-11
d__Bacteria.p__Proteobacteria.c__Alphaproteobacteria.o__Rhodobacterales.f__Rhodobacteraceae.g__Shimia.__	stage	.L	2.10606942307788	0.217113777597338	63	62	5.12564057948899e-13	7.44819646706995e-11
d__Bacteria.p__Proteobacteria.c__Gammaproteobacteria.o__Alteromonadales.f__Colwelliaceae.g__Thalassotalea.s__Thalassotalea_ganghwensis	stage	.L	2.91206609397573	0.311687386997604	63	50	6.07917907919916e-13	8.31417138772827e-11
d__Bacteria.__.__.__.__.__.__	stage	.L	-1.70173492365199	0.183585737883976	63	63	7.96905750304988e-13	1.02933659414394e-10
d__Bacteria.p__Bacteroidota.c__Bacteroidia.o__Flavobacteriales.f__Flavobacteriaceae.g__Kordia.__	stage	.L	2.37728286185614	0.259787383416329	63	49	3.03772198401437e-12	3.71721242780706e-10
d__Bacteria.p__Proteobacteria.c__Gammaproteobacteria.o__Alteromonadales.f__Colwelliaceae.g__Thalassotalea.s__uncultured_Colwelliaceae	stage	.L	1.94418012586333	0.225887954452463	63	61	9.48225042959116e-12	1.10231161243997e-09
d__Bacteria.p__Proteobacteria.c__Alphaproteobacteria.__.__.__.__	stage	.L	3.83412871206542	0.44102126750856	63	51	1.17564531898679e-11	1.30160731744966e-09
d__Bacteria.p__Proteobacteria.c__Gammaproteobacteria.o__Enterobacterales.f__Enterobacteriaceae.g__Escherichia.Shigella.__	stage	.L	-2.61202960629351	0.306799508595282	63	54	1.26678762038814e-11	1.33876418972838e-09
d__Bacteria.p__Proteobacteria.c__Gammaproteobacteria.o__Cellvibrionales.f__Spongiibacteraceae.g__Spongiibacter.__	stage	.L	2.48709418566112	0.286478054441572	63	50	2.57592089622004e-11	2.60392003639635e-09
d__Bacteria.p__Bacteroidota.c__Bacteroidia.o__Flavobacteriales.f__Flavobacteriaceae.g__Aquibacter.s__uncultured_bacterium	stage	.L	3.03710936522322	0.364734980572772	63	39	3.06562889436536e-11	2.96982799141644e-09
d__Bacteria.p__Proteobacteria.c__Alphaproteobacteria.o__SAR11_clade.f__Clade_III.g__Clade_III.__	stage	.L	-1.65405540505978	0.20248040677084	63	63	3.60400929705233e-11	3.35172864625867e-09
d__Bacteria.p__Proteobacteria.c__Gammaproteobacteria.o__Oceanospirillales.f__Nitrincolaceae.g__Neptuniibacter.s__Neptuniibacter_caesariensis	stage	.L	-1.5218112541227	0.179813637101576	63	48	3.81784199403873e-11	3.41403178313078e-09
d__Bacteria.p__Proteobacteria.c__Gammaproteobacteria.o__Oceanospirillales.f__Saccharospirillaceae.g__Thalassolituus.s__uncultured_bacterium	stage	.L	1.68420544086761	0.205098278558587	63	63	4.53077146798064e-11	3.90149765298333e-09
d__Bacteria.p__Proteobacteria.c__Alphaproteobacteria.o__SAR11_clade.f__Clade_I.g__Clade_Ia.__	stage	.L	-2.33806412898937	0.288503397980172	63	60	5.93918898702171e-11	4.93164799815195e-09
d__Bacteria.p__Proteobacteria.c__Alphaproteobacteria.o__Rhodobacterales.f__Rhodobacteraceae.g__Thalassobius.__	stage	.L	1.26366893508786	0.151871590260553	63	61	6.44669184868158e-11	5.16846846489127e-09
d__Bacteria.p__Proteobacteria.c__Gammaproteobacteria.o__Oceanospirillales.f__Nitrincolaceae.g__Amphritea.s__uncultured_bacterium	stage	.L	1.34474661634294	0.166281823552833	63	63	1.02433358771605e-10	7.68250190787038e-09
d__Bacteria.p__Proteobacteria.c__Gammaproteobacteria.o__Pseudomonadales.f__Moraxellaceae.g__Enhydrobacter.__	stage	.L	-2.14533581726674	0.268053383374397	63	37	1.01895064723808e-10	7.68250190787038e-09
d__Bacteria.p__Proteobacteria.c__Alphaproteobacteria.o__Rhodobacterales.f__Rhodobacteraceae.g__Cognatishimia.s__uncultured_bacterium	stage	.L	1.46022018384708	0.181593579273704	63	61	1.32586202234283e-10	9.63321625608464e-09
d__Bacteria.p__Proteobacteria.c__Gammaproteobacteria.o__Cellvibrionales.f__Cellvibrionaceae.g__Aestuariicella.s__uncultured_bacterium	stage	.L	1.4077397279729	0.178547429651289	63	61	2.88542458443119e-10	2.0329127753947e-08
d__Bacteria.p__Proteobacteria.c__Gammaproteobacteria.o__Alteromonadales.f__Pseudoalteromonadaceae.g__Algicola.__	stage	.L	1.1846731200317	0.156655785443824	63	63	4.15053176463188e-10	2.83823128022621e-08
d__Bacteria.p__Bacteroidota.c__Bacteroidia.o__Flavobacteriales.f__Flavobacteriaceae.g__Tenacibaculum.s__Tenacibaculum_litopenaei	stage	.L	2.51562646084053	0.338964805530753	63	55	6.31075672002042e-10	4.19214553544214e-08
d__Bacteria.p__Proteobacteria.c__Gammaproteobacteria.o__Burkholderiales.f__Oxalobacteraceae.g__Herbaspirillum.__	stage	.L	-2.37453463467264	0.32952754416692	63	42	1.60886748208578e-09	1.03906024884707e-07
d__Bacteria.p__Proteobacteria.c__Gammaproteobacteria.o__Alteromonadales.f__Alteromonadaceae.g__Alteromonadaceae.s__uncultured_gamma	stage	.L	2.46529803566026	0.348303842463156	63	52	2.77978632237313e-09	1.74675762149122e-07
d__Bacteria.p__Proteobacteria.c__Alphaproteobacteria.o__Rhodospirillales.f__Terasakiellaceae.__.__	stage	.L	2.51284055837336	0.359728100043534	63	43	7.21827717288129e-09	4.41644590182869e-07
d__Bacteria.p__Proteobacteria.c__Gammaproteobacteria.o__Oceanospirillales.f__Nitrincolaceae.g__Corallomonas.s__Corallomonas_stylophorae	stage	.L	-2.32165555457187	0.338318841308003	63	47	8.57586283075614e-09	5.11253361064309e-07
d__Bacteria.p__Proteobacteria.c__Alphaproteobacteria.o__Rhodobacterales.f__Rhodobacteraceae.g__Pseudophaeobacter.__	stage	.L	2.06161554742219	0.302990734874401	63	47	1.12744929982583e-08	6.55329905523763e-07
d__Bacteria.p__Bdellovibrionota.c__Bdellovibrionia.o__Bacteriovoracales.f__Bacteriovoracaceae.g__Halobacteriovorax.s__Bacteriovorax_sp.	stage	.L	2.22388818415274	0.32468758606197	63	41	1.25038760945552e-08	7.09061266337584e-07
d__Bacteria.p__Proteobacteria.c__Gammaproteobacteria.o__Oceanospirillales.f__Oceanospirillaceae.g__Oceanospirillum.__	stage	.L	-1.221798171924	0.184113545979483	63	63	1.55932511333382e-08	8.43123462442123e-07
d__Bacteria.p__Actinobacteriota.c__Actinobacteria.o__Corynebacteriales.f__Corynebacteriaceae.g__Corynebacterium.__	stage	.L	-2.30719891901404	0.347241151973353	63	57	1.53195688288889e-08	8.43123462442123e-07
d__Bacteria.p__Proteobacteria.c__Gammaproteobacteria.o__Alteromonadales.f__Pseudoalteromonadaceae.__.__	stage	.L	1.87060222659752	0.278517699038688	63	63	1.72603379534039e-08	9.12051948674186e-07
d__Bacteria.p__Patescibacteria.c__Gracilibacteria.o__JGI_0000069.P22.f__JGI_0000069.P22.g__JGI_0000069.P22.s__uncultured_bacterium	stage	.L	2.563653694896	0.38577817012479	63	57	2.07338500950928e-08	1.07124892157979e-06
d__Bacteria.p__Campilobacterota.c__Campylobacteria.o__Campylobacterales.f__Arcobacteraceae.g__Malaciobacter.s__uncultured_bacterium	stage	.L	-1.17099903478471	0.179641424120632	63	63	2.77927396481975e-08	1.40474173221868e-06
d__Bacteria.p__Proteobacteria.c__Alphaproteobacteria.o__Rhodobacterales.f__Rhodobacteraceae.g__Cognatishimia.s__uncultured_bacterium	leachate	.L	-1.33489122478194	0.20573267501586	63	61	3.5492007737139e-08	1.7557216593372e-06
d__Bacteria.p__Proteobacteria.c__Alphaproteobacteria.o__SAR11_clade.f__Clade_II.g__Clade_II.__	stage	.L	-2.28547526085832	0.358532854355771	63	53	4.17366289652691e-08	2.02161796550522e-06
d__Bacteria.p__Proteobacteria.c__Gammaproteobacteria.o__Oceanospirillales.f__Nitrincolaceae.g__Marinobacterium.s__Neptuniibacter_sp.	stage	.L	-1.03163547316546	0.160301310079675	63	63	5.55102727174557e-08	2.63390579730785e-06
d__Bacteria.p__Bacteroidota.c__Bacteroidia.o__Flavobacteriales.f__Flavobacteriaceae.g__Tenacibaculum.__	stage	.L	1.49836173114963	0.238658403707695	63	59	6.71203558397577e-08	3.12109654654873e-06
d__Bacteria.p__Proteobacteria.c__Alphaproteobacteria.o__Rhodobacterales.f__Rhodobacteraceae.g__Tropicibacter.s__Tropicibacter_phthalicicus	stage	.L	1.98602305520122	0.322577095354066	63	52	8.96851235335556e-08	4.08858651402974e-06
d__Bacteria.p__Proteobacteria.c__Alphaproteobacteria.o__Rhodobacterales.f__Rhodobacteraceae.g__Cognatishimia.__	stage	.L	1.68796716270385	0.277446372758612	63	52	1.21744712835307e-07	5.4433934104248e-06
d__Bacteria.p__Actinobacteriota.c__Actinobacteria.o__Corynebacteriales.f__Mycobacteriaceae.g__Mycobacterium.__	stage	.L	-1.84004186462868	0.302868299017383	63	55	1.3388043625809e-07	5.87305687358602e-06
d__Bacteria.p__Proteobacteria.c__Gammaproteobacteria.o__Burkholderiales.f__Comamonadaceae.g__Aquabacterium.__	stage	.L	-2.10851894764276	0.351003811586368	63	41	1.40031344933708e-07	6.02912735131241e-06
d__Bacteria.p__Bdellovibrionota.c__Oligoflexia.o__Oligoflexales.f__uncultured.g__uncultured.s__uncultured_bacterium	stage	.L	-2.22525580294277	0.366243445247852	63	29	1.60685405033792e-07	6.79261030370121e-06
d__Bacteria.p__Proteobacteria.c__Gammaproteobacteria.o__Oceanospirillales.f__Oleiphilaceae.g__Oleiphilus.s__Oleiphilus_sp.	stage	.L	1.57297272708192	0.259758358736526	63	54	2.13742571148117e-07	8.78587894727883e-06
d__Bacteria.p__Proteobacteria.c__Gammaproteobacteria.o__Cellvibrionales.f__Cellvibrionaceae.g__uncultured.s__gamma_proteobacterium	stage	.L	0.859888280431254	0.144789615017618	63	14	2.15395741933287e-07	8.78587894727883e-06
d__Bacteria.p__Proteobacteria.c__Gammaproteobacteria.o__Burkholderiales.f__Oxalobacteraceae.g__Massilia.__	stage	.L	-2.33524196566109	0.406470172259912	63	47	3.74600912551563e-07	1.5016329684179e-05
d__Bacteria.p__Actinobacteriota.c__Actinobacteria.o__Propionibacteriales.f__Propionibacteriaceae.g__Cutibacterium.__	stage	.L	-1.78217478839524	0.311812551863753	63	62	4.67609239923033e-07	1.84269742851026e-05
d__Bacteria.p__Proteobacteria.c__Gammaproteobacteria.o__Vibrionales.f__Vibrionaceae.g__Photobacterium.__	stage	.L	-1.95596750441232	0.339598529976093	63	30	5.08056121277752e-07	1.96871746995129e-05
d__Bacteria.p__Firmicutes.c__Bacilli.o__Lactobacillales.f__Carnobacteriaceae.g__Atopostipes.s__uncultured_bacterium	stage	.L	-1.77068687177171	0.313000726642827	63	14	5.20370210286677e-07	1.98337826051889e-05
d__Bacteria.p__Proteobacteria.c__Gammaproteobacteria.o__Alteromonadales.f__Pseudoalteromonadaceae.g__Pseudoalteromonas.s__Pseudoalteromonas_phenolica	stage	.L	1.43934513377336	0.25127892608696	63	63	5.36787038755712e-07	2.01295139533392e-05
d__Bacteria.p__Proteobacteria.c__Gammaproteobacteria.o__Nitrosococcales.f__Methylophagaceae.g__Marine_Methylotrophic_Group_3.s__uncultured_bacterium	leachate	.Q	-2.59910199304155	0.462226871007342	63	44	8.58734037562261e-07	3.16913751957501e-05
d__Bacteria.p__Proteobacteria.c__Gammaproteobacteria.o__Nitrosococcales.f__Methylophagaceae.g__Marine_Methylotrophic_Group_3.s__uncultured_bacterium	leachate	.L	2.50583131764539	0.452885307046196	63	44	1.17428203821316e-06	4.26594646694623e-05
d__Bacteria.p__Bacteroidota.c__Bacteroidia.o__Flavobacteriales.f__Flavobacteriaceae.__.__	stage	.L	1.47714208359007	0.274019987384716	63	60	1.55286214316041e-06	5.5544684351507e-05
d__Bacteria.p__Bdellovibrionota.c__Bdellovibrionia.o__Bacteriovoracales.f__Bacteriovoracaceae.g__Peredibacter.s__uncultured_Peredibacter	stage	.L	1.74552664158752	0.323343903734757	63	44	2.01457567188401e-06	7.09680066231868e-05
d__Bacteria.p__Proteobacteria.c__Gammaproteobacteria.o__Alteromonadales.f__Pseudoalteromonadaceae.g__Algicola.__	stage	.Q	-0.823187904130052	0.156191745338622	63	63	2.28854039811187e-06	7.94157675464195e-05
d__Bacteria.p__Proteobacteria.c__Alphaproteobacteria.o__Rhodospirillales.f__Terasakiellaceae.g__uncultured.s__uncultured_bacterium	stage	.L	1.88795207731384	0.354903036319727	63	39	2.36800698059558e-06	8.09649445571282e-05
d__Bacteria.p__Proteobacteria.c__Alphaproteobacteria.o__Sphingomonadales.f__Sphingomonadaceae.g__Sphingomonas.__	stage	.L	-2.18301455689079	0.409641858390113	63	62	2.62915554563722e-06	8.85911107769065e-05
d__Eukaryota.__.__.__.__.__.__	stage	.L	-1.98104100906759	0.382086640019112	63	56	3.37157070293913e-06	0.000111984312633335
d__Bacteria.p__Proteobacteria.c__Gammaproteobacteria.o__Xanthomonadales.f__Xanthomonadaceae.g__Stenotrophomonas.__	stage	.L	-2.77036771886012	0.527594335390395	63	61	3.46982490425666e-06	0.000113624547921081
d__Bacteria.p__Proteobacteria.c__Alphaproteobacteria.o__Caulobacterales.f__Hyphomonadaceae.g__Ponticaulis.s__Ponticaulis_koreensis	stage	.L	1.6844500518024	0.331046741479349	63	32	5.66702450585575e-06	0.000182997666334925
d__Bacteria.p__Proteobacteria.c__Gammaproteobacteria.o__Oceanospirillales.f__Marinomonadaceae.g__Marinomonas.s__Marinomonas_communis	stage	.L	-0.39395142837294	0.0789118702837538	63	63	7.02143066292362e-06	0.000223627757415033
d__Bacteria.p__Proteobacteria.c__Gammaproteobacteria.o__Pseudomonadales.f__Moraxellaceae.g__Acinetobacter.s__Acinetobacter_radioresistens	stage	.L	-1.53765328516526	0.3114838005731	63	46	7.95137508777082e-06	0.000249823609176583
d__Bacteria.p__Proteobacteria.c__Alphaproteobacteria.o__Parvibaculales.f__PS1_clade.g__PS1_clade.__	stage	.L	-2.03253780623102	0.419943817283858	63	41	1.0952120418314e-05	0.000339515732967735
d__Bacteria.p__Proteobacteria.c__Gammaproteobacteria.o__Burkholderiales.f__Comamonadaceae.g__Pelomonas.__	stage	.L	-1.50536554589969	0.322565627553884	63	45	1.98397307015045e-05	0.000606939130013131
d__Bacteria.p__Proteobacteria.c__Gammaproteobacteria.o__Burkholderiales.f__Burkholderiaceae.g__Ralstonia.__	stage	.L	-2.08706356950936	0.442183155372633	63	54	2.08878528865046e-05	0.000630704648845756
d__Bacteria.p__Proteobacteria.c__Gammaproteobacteria.o__Alteromonadales.f__Pseudoalteromonadaceae.g__Psychrosphaera.__	stage	.Q	-0.593190705229503	0.126758678543118	63	63	2.29166201057509e-05	0.000683091560844497
d__Bacteria.p__Proteobacteria.c__Gammaproteobacteria.o__Pseudomonadales.f__Moraxellaceae.g__Acinetobacter.__	stage	.L	-2.24817815619997	0.48847485485783	63	52	2.37948938794782e-05	0.000700292762908694
d__Bacteria.p__Proteobacteria.c__Alphaproteobacteria.o__Sphingomonadales.f__Sphingomonadaceae.g__Erythrobacter.__	leachate	.L	-0.702472598232712	0.154111731502173	63	63	3.47503514773713e-05	0.0010099320898111
d__Bacteria.p__Proteobacteria.c__Gammaproteobacteria.__.__.__.__	stage	.L	1.26394153507114	0.283027980613463	63	61	3.94114474322809e-05	0.00113125450963029
d__Bacteria.p__Proteobacteria.c__Gammaproteobacteria.o__Alteromonadales.f__Alteromonadaceae.g__Aestuariibacter.s__Aestuariibacter_aggregatus	stage	.L	0.580840946536914	0.130557403600487	63	63	4.2433696524666e-05	0.00120315054170547
d__Bacteria.p__Proteobacteria.c__Gammaproteobacteria.o__Alteromonadales.f__Colwelliaceae.g__Thalassotalea.s__Thalassotalea_ganghwensis	stage	.Q	-1.36321818648873	0.308659773707605	63	50	4.8619460707526e-05	0.00136193067644576
d__Bacteria.p__Firmicutes.c__Bacilli.o__Staphylococcales.f__Staphylococcaceae.g__Staphylococcus.__	stage	.L	-1.65803900437765	0.377520914797384	63	62	4.93586632772683e-05	0.00136617728713868
d__Bacteria.p__Proteobacteria.c__Alphaproteobacteria.o__Parvibaculales.f__PS1_clade.g__PS1_clade.s__uncultured_Alphaproteobacteria	stage	.L	-1.43251276727029	0.327091853196431	63	21	5.30472006412422e-05	0.00145099695871633
d__Bacteria.p__Proteobacteria.c__Gammaproteobacteria.o__Oceanospirillales.f__Nitrincolaceae.g__Marinobacterium.s__Marinobacterium_jannaschii	stage	.L	-0.935840389022896	0.2122713061787	63	38	5.73025773627612e-05	0.00154916851591186
d__Bacteria.p__Proteobacteria.c__Alphaproteobacteria.o__Rhizobiales.f__Rhizobiaceae.g__Allorhizobium.Neorhizobium.Pararhizobium.Rhizobium.__	stage	.L	-1.80668110664501	0.412546702847248	63	50	6.00594543285709e-05	0.00160503714153939
d__Bacteria.p__Proteobacteria.c__Gammaproteobacteria.o__Nitrosococcales.f__Methylophagaceae.g__Marine_Methylotrophic_Group_3.__	stage	.L	0.947534118236965	0.218694818143309	63	18	6.46571017717028e-05	0.0017082700184001
d__Bacteria.p__Proteobacteria.c__Gammaproteobacteria.o__Burkholderiales.f__Comamonadaceae.__.__	stage	.L	-1.58829344072527	0.371060535144175	63	25	7.22284871078046e-05	0.00188686778118703
d__Bacteria.p__Proteobacteria.c__Gammaproteobacteria.o__Ectothiorhodospirales.f__Ectothiorhodospiraceae.g__uncultured.s__uncultured_marine	stage	.L	-1.77691373319984	0.42198169083169	63	44	9.13917234603995e-05	0.00233500831918054
d__Bacteria.p__Proteobacteria.c__Gammaproteobacteria.o__Burkholderiales.f__Comamonadaceae.g__Comamonas.__	stage	.L	-1.00801040518959	0.239244145639729	63	13	9.06446026059663e-05	0.00233500831918054
d__Bacteria.p__Proteobacteria.c__Gammaproteobacteria.o__Alteromonadales.f__Idiomarinaceae.g__Idiomarina.__	leachate	.Q	1.31989070437184	0.314087030176322	63	18	9.95392721942519e-05	0.00251553052012647
d__Bacteria.p__Proteobacteria.c__Gammaproteobacteria.o__Enterobacterales.f__Enterobacteriaceae.__.__	stage	.L	-2.82927044735585	0.669980733858801	63	40	0.000109355043373581	0.00273387608433953
d__Bacteria.p__Bacteroidota.c__Bacteroidia.o__Flavobacteriales.f__Flavobacteriaceae.g__Dokdonia.__	stage	.L	1.33771895874714	0.319650775528787	63	38	0.000112769331058801	0.00278924143310331
d__Bacteria.p__Proteobacteria.c__Gammaproteobacteria.o__Alteromonadales.f__Pseudoalteromonadaceae.g__Psychrosphaera.s__uncultured_bacterium	stage	.L	1.6145127054044	0.386776687962396	63	53	0.000116156064311974	0.00284276683710883
d__Bacteria.p__Proteobacteria.c__Alphaproteobacteria.o__Rhodobacterales.f__Rhodobacteraceae.g__Paracoccus.__	stage	.L	-0.947926616578747	0.22857950047965	63	63	0.000122569744388353	0.00296848599690543
d__Bacteria.p__Bacteroidota.c__Bacteroidia.o__Flavobacteriales.f__Flavobacteriaceae.g__Tenacibaculum.s__Cytophaga_sp.	stage	.L	0.961394218400082	0.236397564699736	63	46	0.000176590434468927	0.00423270886742532
d__Bacteria.p__Proteobacteria.c__Gammaproteobacteria.o__Oceanospirillales.f__Saccharospirillaceae.g__Litoribacillus.s__Litoribacillus_peritrichatus	leachate	.C	-1.61194298406695	0.398035328332842	63	19	0.000181386931211663	0.00430331239864404
d__Bacteria.p__Bacteroidota.c__Bacteroidia.o__Cytophagales.f__Cyclobacteriaceae.g__uncultured.s__uncultured_marine	stage	.L	-0.941952390603459	0.235542038883131	63	15	0.000190341068511354	0.00447013115443331
d__Bacteria.p__Proteobacteria.c__Alphaproteobacteria.o__Rhizobiales.f__Rhizobiaceae.g__Mesorhizobium.__	stage	.L	-1.09153043789693	0.275431012900162	63	10	0.000208486659526549	0.00484731483399227
d__Bacteria.p__Proteobacteria.c__Gammaproteobacteria.o__Cellvibrionales.f__Cellvibrionaceae.g__Pseudoteredinibacter.s__uncultured_bacterium	stage	.L	1.18547749217314	0.30121170881971	63	41	0.000245267478022254	0.00564600877625486
d__Bacteria.p__Proteobacteria.c__Gammaproteobacteria.o__Alteromonadales.f__Alteromonadaceae.g__Alteromonas.__	stage	.Q	-0.461770308861919	0.118868488436035	63	63	0.00031647924923669	0.00721386523995395
d__Bacteria.p__Proteobacteria.c__Gammaproteobacteria.o__Alteromonadales.f__Colwelliaceae.g__Thalassotalea.s__Thalassotalea_coralli	stage	.L	1.11034343487018	0.290522158654137	63	15	0.000350399583007716	0.00790950515041689
d__Bacteria.p__Proteobacteria.c__Alphaproteobacteria.o__Rhodobacterales.f__Rhodobacteraceae.g__Nautella.__	leachate	.L	-0.619521164537766	0.165489942913325	63	63	0.000438599134914984	0.00980522104497441
d__Bacteria.p__Proteobacteria.c__Gammaproteobacteria.o__Nitrosococcales.f__Methylophagaceae.g__Marine_Methylotrophic_Group_3.s__uncultured_bacterium	stage	.L	1.48933563739048	0.399304093248396	63	44	0.000495054024793592	0.010961910549001
d__Bacteria.p__Proteobacteria.c__Alphaproteobacteria.o__Rhodobacterales.f__Rhodobacteraceae.g__Thalassobius.__	leachate	.L	-0.63904721579271	0.172451415970047	63	61	0.000536482340837969	0.0117671834193234
d__Bacteria.p__Proteobacteria.c__Alphaproteobacteria.o__Sphingomonadales.f__Sphingomonadaceae.__.__	stage	.L	-1.38699088580644	0.378107242961222	63	21	0.000546928660552986	0.0118841975307074
d__Bacteria.p__Bacteroidota.c__Bacteroidia.o__Flavobacteriales.f__Flavobacteriaceae.g__Pseudofulvibacter.__	stage	.L	0.819399722654775	0.223251584086615	63	13	0.000553483484427656	0.0119152694564287
d__Bacteria.p__Proteobacteria.c__Gammaproteobacteria.o__Alteromonadales.f__Alteromonadaceae.g__Alteromonas.__	stage	.L	-0.445918381670949	0.121692745180399	63	63	0.000623116395290307	0.0132912442114676
d__Bacteria.p__Proteobacteria.c__Gammaproteobacteria.o__Alteromonadales.f__Alteromonadaceae.__.__	stage	.Q	-0.3863555781244	0.106871321335743	63	63	0.000717268147094173	0.0151604403817632
d__Bacteria.p__Proteobacteria.c__Gammaproteobacteria.o__Alteromonadales.f__Alteromonadaceae.g__uncultured.__	leachate	.C	-1.43358017738845	0.402114452086382	63	17	0.000744337353877369	0.0155908499798638
d__Bacteria.p__Campilobacterota.c__Campylobacteria.o__Campylobacterales.f__Arcobacteraceae.g__Malaciobacter.s__uncultured_bacterium	leachate	.L	-0.724184575802561	0.204000969942824	63	63	0.000820940544344694	0.0170418461214412
d__Bacteria.p__Proteobacteria.c__Gammaproteobacteria.o__Oceanospirillales.f__Halomonadaceae.g__Halomonas.__	leachate	.Q	1.63299756741117	0.461990423969138	63	23	0.000838678757435457	0.0172560009826322
d__Bacteria.p__Bacteroidota.c__Bacteroidia.o__Sphingobacteriales.f__Sphingobacteriaceae.g__Sphingobacterium.__	stage	.L	-1.88682026053823	0.534893129433875	63	35	0.000878963014583528	0.0179262193763746
d__Bacteria.p__Proteobacteria.c__Gammaproteobacteria.o__Alteromonadales.f__Alteromonadaceae.g__Aestuariibacter.__	leachate	.Q	-0.422215162859517	0.120849968685634	63	63	0.0009538978800769	0.0192853267059025
d__Bacteria.p__Proteobacteria.c__Gammaproteobacteria.o__Alteromonadales.f__Pseudoalteromonadaceae.g__Algicola.s__Algicola_bacteriolytica	stage	.L	0.944016589128786	0.269566082523588	63	63	0.000995797939013803	0.0199588811052335
d__Bacteria.p__Bacteroidota.c__Bacteroidia.o__Cytophagales.f__Flammeovirgaceae.g__Flammeovirga.__	stage	.Q	-1.13017204033379	0.326405367032191	63	13	0.00108632751775076	0.0215872775963292
d__Bacteria.p__Proteobacteria.c__Gammaproteobacteria.o__Oceanospirillales.f__Nitrincolaceae.g__Amphritea.s__Amphritea_sp.	stage	.L	0.513999164127452	0.148987310366892	63	13	0.00110658633282684	0.0218035018967999
d__Bacteria.p__Proteobacteria.c__Gammaproteobacteria.o__Oceanospirillales.f__Nitrincolaceae.g__Neptuniibacter.__	stage	.L	-0.674858128474973	0.194804308281132	63	62	0.00111720894306507	0.0218278217867755
d__Bacteria.p__Proteobacteria.c__Gammaproteobacteria.o__Alteromonadales.f__Colwelliaceae.g__uncultured.s__Colwellia_sp.	stage	.L	0.841564753181761	0.245857031554423	63	19	0.00127973598779336	0.0247948847634963
d__Bacteria.p__Bacteroidota.c__Bacteroidia.o__Flavobacteriales.f__Flavobacteriaceae.g__Leeuwenhoekiella.__	leachate	.Q	1.34603749763084	0.396558117164794	63	55	0.00132463701236741	0.0254527359814399
d__Bacteria.p__Proteobacteria.c__Gammaproteobacteria.o__Alteromonadales.f__Alteromonadaceae.g__Alteromonas.__	leachate	.Q	0.475837392345094	0.141052398056562	63	63	0.0014812328210901	0.028148207284834
d__Bacteria.p__Proteobacteria.c__Gammaproteobacteria.o__Enterobacterales.f__Erwiniaceae.g__Pantoea.__	stage	.L	-0.70257970180659	0.210044918849187	63	14	0.00148913096603638	0.028148207284834
d__Bacteria.p__Campilobacterota.c__Campylobacteria.o__Campylobacterales.f__Arcobacteraceae.__.__	leachate	.Q	-2.0472152564795	0.617667196988413	63	37	0.00160031648087579	0.030005934016421
d__Bacteria.p__Proteobacteria.c__Gammaproteobacteria.o__Enterobacterales.f__Enterobacteriaceae.g__Klebsiella.__	stage	.L	-0.670835189889278	0.201997083936089	63	14	0.00161659494298575	0.030068665939535
d__Bacteria.p__Proteobacteria.c__Gammaproteobacteria.o__Cellvibrionales.f__Cellvibrionaceae.g__Umboniibacter.s__uncultured_bacterium	stage	.L	-0.851446733232892	0.257308305561981	63	8	0.00165662819706007	0.0305687345886085
d__Bacteria.p__Proteobacteria.c__Gammaproteobacteria.o__Oceanospirillales.f__Oleiphilaceae.g__Oleiphilus.s__Oleiphilus_sp.	leachate	.Q	-0.992799360675441	0.301172912602226	63	54	0.00185500456834245	0.0339597293023323
d__Bacteria.p__Proteobacteria.c__Gammaproteobacteria.o__Alteromonadales.f__Alteromonadaceae.g__Aestuariibacter.__	stage	.Q	-0.339027916082539	0.103844441387587	63	63	0.00192769731071457	0.0348234904772781
d__Bacteria.p__Proteobacteria.c__Alphaproteobacteria.o__Rhodobacterales.f__Rhodobacteraceae.g__Paracoccus.__	leachate	.Q	-0.862603891365514	0.264318314639783	63	63	0.00193214205228769	0.0348234904772781
d__Bacteria.p__Proteobacteria.c__Alphaproteobacteria.o__Rhodobacterales.f__Rhodobacteraceae.g__Marivivens.__	leachate	.C	-0.841555993012481	0.258638097855319	63	16	0.00197261111873154	0.0352793911619295
d__Bacteria.p__Bacteroidota.c__Bacteroidia.o__Flavobacteriales.f__Weeksellaceae.g__Chryseobacterium.__	stage	.L	-1.61828733224791	0.49853978449193	63	41	0.0020117210152744	0.0352891481658983
d__Bacteria.p__Actinobacteriota.c__Actinobacteria.o__Corynebacteriales.f__Corynebacteriaceae.g__Corynebacterium.s__Corynebacterium_amycolatum	stage	.L	-1.4323762568935	0.441780295902002	63	36	0.00201869105637182	0.0352891481658983
d__Bacteria.p__Proteobacteria.c__Gammaproteobacteria.o__Oceanospirillales.f__Oleiphilaceae.g__Oleiphilus.s__Oleiphilus_sp.	leachate	.L	-0.9653122563381	0.295151376242306	63	54	0.00199758889188372	0.0352891481658983
d__Bacteria.p__Proteobacteria.c__Alphaproteobacteria.o__Rhodobacterales.f__Rhodobacteraceae.g__Shimia.__	leachate	.L	-0.804142991803347	0.246980453365098	63	62	0.00204740978938302	0.0355240877635487
d__Bacteria.p__Proteobacteria.c__Gammaproteobacteria.o__Alteromonadales.f__Alteromonadaceae.g__Aestuariibacter.s__uncultured_Alteromonas	stage	.L	0.985312244862093	0.304507967200897	63	52	0.00207001052617268	0.035650181284085
d__Bacteria.p__Proteobacteria.c__Gammaproteobacteria.o__Burkholderiales.f__Burkholderiaceae.g__Burkholderia.Caballeronia.Paraburkholderia.__	stage	.L	-1.09652372014216	0.34105242323974	63	14	0.00214898406413012	0.0362057097761052
d__Bacteria.p__Proteobacteria.c__Alphaproteobacteria.o__Sphingomonadales.f__Sphingomonadaceae.g__Novosphingobium.__	leachate	.L	-1.12519625991421	0.348966345594342	63	21	0.00212678167505358	0.0362057097761052
d__Bacteria.p__Proteobacteria.c__Gammaproteobacteria.o__Alteromonadales.f__Alteromonadaceae.g__Alteromonadaceae.s__Catenovulum_maritimum	stage	.L	-0.785367722252314	0.24343504557763	63	10	0.00213411575435331	0.0362057097761052
d__Bacteria.p__Proteobacteria.c__Gammaproteobacteria.o__Oceanospirillales.f__Saccharospirillaceae.g__Reinekea.s__Reinekea_aestuarii	stage	.L	-0.933224204742937	0.290252241566028	63	19	0.00218918081995236	0.0366175928517211
d__Bacteria.p__Proteobacteria.c__Alphaproteobacteria.o__Rhodobacterales.f__Rhodobacteraceae.g__Paracoccus.__	leachate	.C	-0.854759769023433	0.266089861634701	63	63	0.00227477043248098	0.0377774375394163
d__Bacteria.p__Proteobacteria.c__Gammaproteobacteria.o__Pseudomonadales.f__Moraxellaceae.g__Acinetobacter.s__Acinetobacter_schindleri	stage	.L	-0.575954677862274	0.180462952636463	63	9	0.002327034204278	0.0383713086875627
d__Bacteria.p__Proteobacteria.c__Alphaproteobacteria.o__Rhodospirillales.f__Terasakiellaceae.g__Terasakiella.s__Terasakiella_pusilla	stage	.L	1.1450984258649	0.365007553502081	63	42	0.00275836949372295	0.0450859043136783
d__Bacteria.p__Proteobacteria.c__Gammaproteobacteria.o__Oceanospirillales.f__Oleiphilaceae.g__Oleiphilus.s__Oleiphilus_sp.	stage	.Q	-0.800564348801271	0.25379326937567	63	54	0.00279241729942782	0.0450859043136783
d__Bacteria.p__Bacteroidota.c__Bacteroidia.o__Flavobacteriales.f__Flavobacteriaceae.g__Lutibacter.__	stage	.L	1.02277423626499	0.326754987366779	63	19	0.00278665237635847	0.0450859043136783
d__Bacteria.p__Campilobacterota.c__Campylobacteria.o__Campylobacterales.f__Arcobacteraceae.g__Halarcobacter.__	stage	.L	-0.958234537730621	0.304871128738825	63	42	0.00282616444466815	0.0450900633700248
d__Bacteria.p__Proteobacteria.c__Alphaproteobacteria.o__SAR11_clade.f__Clade_III.g__Clade_III.s__unidentified_marine	stage	.L	-0.677399260849793	0.216740393685676	63	13	0.00283146204388113	0.0450900633700248
d__Bacteria.p__Firmicutes.c__Bacilli.o__Lactobacillales.f__Aerococcaceae.g__Aerococcus.__	stage	.L	-1.13680908051186	0.368071812578802	63	18	0.00310603503395688	0.0491260643125833
d__Bacteria.p__Actinobacteriota.c__Actinobacteria.o__Micrococcales.f__Microbacteriaceae.g__Curtobacterium.__	leachate	.C	-0.632463473430142	0.204767056687001	63	7	0.00318821708162649	0.0500851669917675
d__Bacteria.p__Proteobacteria.c__Gammaproteobacteria.o__Oceanospirillales.f__Saccharospirillaceae.g__Reinekea.__	stage	.L	-0.795022181955631	0.257845424429433	63	59	0.00321856305717019	0.050222544348461
d__Bacteria.p__Proteobacteria.c__Gammaproteobacteria.o__Oceanospirillales.f__Saccharospirillaceae.g__Oleibacter.s__Oleibacter_marinus	stage	.L	0.795206879691326	0.258788923236882	63	62	0.00333030909120693	0.0516197909137074
d__Bacteria.p__Proteobacteria.c__Gammaproteobacteria.o__Alteromonadales.f__Alteromonadaceae.g__uncultured.__	leachate	.Q	-1.2108967276746	0.395482890804032	63	17	0.00335373228992219	0.0516385932057555
d__Bacteria.p__Actinobacteriota.c__Actinobacteria.o__Micrococcales.f__Microbacteriaceae.__.__	leachate	.C	-1.2608530682874	0.412894745811401	63	17	0.00343261521581706	0.0518745762172349
d__Bacteria.p__Bacteroidota.c__Bacteroidia.o__Flavobacteriales.f__Flavobacteriaceae.g__Pseudofulvibacter.s__uncultured_bacterium	stage	.L	0.626028104372831	0.204513451172226	63	6	0.00339978179909578	0.0518745762172349
d__Bacteria.p__Proteobacteria.c__Alphaproteobacteria.o__Rhodobacterales.f__Rhodobacteraceae.g__Marivivens.__	stage	.Q	-0.672389692486745	0.219561093684781	63	16	0.00343599343546416	0.0518745762172349
d__Bacteria.p__Proteobacteria.c__Gammaproteobacteria.o__Oceanospirillales.f__Saccharospirillaceae.g__Reinekea.__	leachate	.L	-0.891398324246072	0.293102231736299	63	59	0.00362429047295873	0.0543643570943809
d__Bacteria.p__Bacteroidota.c__Bacteroidia.o__Cytophagales.f__Flammeovirgaceae.g__Flammeovirga.s__Flammeovirga_sp.	stage	.Q	-0.905914317737022	0.30046453973615	63	15	0.00395540455468436	0.0589507409592381
d__Bacteria.p__Bacteroidota.c__Bacteroidia.o__Flavobacteriales.f__Flavobacteriaceae.g__Seonamhaeicola.__	stage	.L	0.359820683950595	0.119443449534989	63	8	0.00420406821713328	0.061863662055917
d__Bacteria.p__Proteobacteria.c__Gammaproteobacteria.o__Cellvibrionales.f__Cellvibrionaceae.g__Umboniibacter.__	stage	.L	-1.4050036109605	0.469722292054942	63	38	0.00418261506803715	0.061863662055917
d__Bacteria.p__Proteobacteria.c__Gammaproteobacteria.o__Oceanospirillales.f__Nitrincolaceae.__.__	stage	.L	-0.504975168935663	0.168614143364425	63	63	0.00429766609246248	0.0627279708646342
d__Bacteria.p__Proteobacteria.c__Gammaproteobacteria.o__Alteromonadales.f__Marinobacteraceae.g__Marinobacter.s__Marinobacter_salsuginis	leachate	.Q	1.03109689212769	0.345560204559144	63	33	0.00431676358638343	0.0627279708646342
d__Bacteria.p__Proteobacteria.c__Gammaproteobacteria.o__Alteromonadales.f__Pseudoalteromonadaceae.g__Psychrosphaera.__	stage	.L	-0.387134753679905	0.129545093588537	63	63	0.00435256998793226	0.0628554361611336
d__Bacteria.p__Proteobacteria.c__Alphaproteobacteria.o__Rhodospirillales.f__Terasakiellaceae.g__Terasakiella.__	leachate	.L	-0.903165002696999	0.302961307322022	63	61	0.00439803208400783	0.0631199049093716
d__Bacteria.p__Proteobacteria.c__Gammaproteobacteria.o__Enterobacterales.f__Yersiniaceae.g__Serratia.__	stage	.L	-0.367931298424554	0.123966001855186	63	5	0.00443186676321716	0.0632152774507969
d__Bacteria.p__Actinobacteriota.c__Actinobacteria.o__Micrococcales.f__Micrococcaceae.g__Kocuria.s__Kocuria_rhizophila	leachate	.C	-0.798915537531338	0.270800493274925	63	10	0.004600855546618	0.0652255435724807
d__Bacteria.p__Proteobacteria.c__Gammaproteobacteria.o__Cellvibrionales.f__Cellvibrionaceae.g__uncultured.s__gamma_proteobacterium	stage	.Q	0.422125119281304	0.143527610368143	63	14	0.00487420443589935	0.0686819715967635
d__Bacteria.p__Proteobacteria.c__Alphaproteobacteria.o__Rhodospirillales.f__uncultured.g__uncultured.s__marine_metagenome	stage	.L	1.19310734583028	0.406647400090431	63	12	0.00494093018073608	0.069202787169948
d__Bacteria.p__Proteobacteria.c__Alphaproteobacteria.o__Rhodobacterales.f__Rhodobacteraceae.__.__	leachate	.L	-0.427090286163101	0.145136720210844	63	63	0.00497977246611203	0.0692196435408799
d__Bacteria.p__Proteobacteria.c__Gammaproteobacteria.o__SAR86_clade.f__SAR86_clade.g__SAR86_clade.s__uncultured_bacterium	stage	.L	-0.893239997436468	0.305508124128749	63	16	0.00500167746876035	0.0692196435408799
d__Bacteria.p__Firmicutes.c__Bacilli.o__Lactobacillales.f__Enterococcaceae.g__Enterococcus.__	stage	.L	-1.02242298716608	0.350963810975051	63	16	0.00510169371095402	0.0701860229465568
d__Bacteria.p__Proteobacteria.c__Alphaproteobacteria.o__Rhizobiales.f__Xanthobacteraceae.g__Bradyrhizobium.__	stage	.L	-1.6943794074179	0.585772515756249	63	41	0.0054745263925174	0.0748721991917821
d__Bacteria.p__Proteobacteria.c__Gammaproteobacteria.o__Cellvibrionales.f__Cellvibrionaceae.g__Umboniibacter.__	leachate	.L	1.53738055365004	0.533369389618233	63	38	0.00564891188839431	0.0768053809386946
d__Bacteria.p__Proteobacteria.c__Gammaproteobacteria.o__Oceanospirillales.f__Saccharospirillaceae.g__Litoribacillus.s__Litoribacillus_peritrichatus	leachate	.Q	-1.13296052860181	0.395373488420751	63	19	0.00602510426719133	0.081443996634999
d__Bacteria.p__Proteobacteria.c__Gammaproteobacteria.o__Nitrosococcales.f__Methylophagaceae.g__Marine_Methylotrophic_Group_3.__	leachate	.Q	-0.719331697771092	0.252893671075212	63	18	0.0062767918193177	0.0843557282075933
d__Bacteria.p__Proteobacteria.c__Gammaproteobacteria.o__Burkholderiales.f__Neisseriaceae.g__uncultured.s__uncultured_bacterium	stage	.L	-1.27366586619589	0.448586001972731	63	50	0.00636875567886526	0.0850997526055272
d__Bacteria.p__Proteobacteria.c__Alphaproteobacteria.o__Rhizobiales.f__Xanthobacteraceae.__.__	stage	.L	-1.29670603666605	0.457282528677506	63	29	0.00662846243211532	0.0880638580266749
d__Bacteria.p__Proteobacteria.c__Gammaproteobacteria.o__Pseudomonadales.f__Moraxellaceae.g__Acinetobacter.__	leachate	.C	-1.61466682376037	0.573879359413327	63	52	0.00671107963595063	0.0886548872362796
d__Bacteria.p__Proteobacteria.c__Gammaproteobacteria.o__Cellvibrionales.f__Spongiibacteraceae.g__Spongiibacter.__	stage	.Q	-0.794516579177698	0.280294782829983	63	50	0.00678349814871424	0.0891052722924328
d__Bacteria.p__Proteobacteria.c__Gammaproteobacteria.o__Alteromonadales.f__Shewanellaceae.g__Psychrobium.s__uncultured_bacterium	stage	.Q	-0.882877629954927	0.314881339812312	63	60	0.0069454402327594	0.0907199356245259
d__Archaea.p__Nanoarchaeota.c__Nanoarchaeia.o__Woesearchaeales.f__Woesearchaeales.g__Woesearchaeales.__	stage	.Q	-0.930458689573148	0.333829819811304	63	17	0.0072776064060956	0.0939428018835168
d__Bacteria.p__Bacteroidota.c__Bacteroidia.o__Flavobacteriales.f__Flavobacteriaceae.g__Dokdonia.__	leachate	.C	-1.0336191947021	0.369484180321058	63	38	0.00730248683136639	0.0939428018835168
d__Bacteria.p__Proteobacteria.c__Gammaproteobacteria.o__Cellvibrionales.f__Cellvibrionaceae.__.__	stage	.Q	-0.319511284310658	0.113947790821653	63	8	0.00735380212593551	0.0939428018835168
d__Bacteria.p__Proteobacteria.c__Alphaproteobacteria.o__Rhizobiales.f__Devosiaceae.g__Pelagibacterium.__	stage	.Q	-0.287495112627608	0.102224607468441	63	4	0.00731982222865631	0.0939428018835168
d__Bacteria.p__Proteobacteria.c__Gammaproteobacteria.o__Alteromonadales.f__Colwelliaceae.g__uncultured.s__Colwellia_sp.	stage	.Q	-0.671711607633332	0.24025390306178	63	19	0.00744443548628491	0.0945809426536198
d__Bacteria.p__Cyanobacteria.c__Cyanobacteriia.o__Synechococcales.f__Cyanobiaceae.g__Synechococcus_CC9902.__	stage	.L	-1.00870562422389	0.364902666287113	63	11	0.00773531404728752	0.0972140819456405
d__Bacteria.p__Bdellovibrionota.c__Bdellovibrionia.o__Bacteriovoracales.f__Bacteriovoracaceae.g__Halobacteriovorax.s__uncultured_bacterium	stage	.L	0.711695760055256	0.257356817449124	63	12	0.00771605210637602	0.0972140819456405
d__Bacteria.p__Bacteroidota.c__Bacteroidia.o__Flavobacteriales.f__Flavobacteriaceae.g__Pseudofulvibacter.s__uncultured_Flavobacteriales	stage	.L	0.467184073318423	0.169439147543501	63	10	0.00788446434615877	0.0980287679402094
d__Bacteria.p__Bacteroidota.c__Bacteroidia.o__Flavobacteriales.f__Flavobacteriaceae.g__uncultured.s__Tenacibaculum_sp.	stage	.L	0.3843018508929	0.139144752856079	63	9	0.00787160606248884	0.0980287679402094
d__Bacteria.p__Proteobacteria.c__Alphaproteobacteria.o__Rhizobiales.f__Xanthobacteraceae.g__Rhodopseudomonas.__	stage	.L	-1.61252270016523	0.587484902884248	63	39	0.0080840096986235	0.0999751199430831
d__Bacteria.p__Proteobacteria.c__Gammaproteobacteria.o__Oceanospirillales.f__Nitrincolaceae.g__Marinobacterium.s__Marinobacterium_jannaschii	leachate	.C	-0.670415030013527	0.244169345243877	63	38	0.00847041138508544	0.104199505133988
d__Bacteria.p__Proteobacteria.c__Gammaproteobacteria.o__Oceanospirillales.f__Saccharospirillaceae.g__Oleibacter.__	stage	.Q	-0.467559190938252	0.171151844636861	63	63	0.00861552818848249	0.105426858095904
d__Bacteria.p__Bacteroidota.c__Bacteroidia.o__Flavobacteriales.f__Weeksellaceae.g__Chryseobacterium.s__Chryseobacterium_hominis	stage	.L	-0.778172148371369	0.286114303464053	63	13	0.0087052585474474	0.105967152475472
d__Bacteria.p__Actinobacteriota.c__Actinobacteria.o__Nitriliruptorales.f__Nitriliruptoraceae.g__Nitriliruptoraceae.s__uncultured_Actinobacteridae	stage	.Q	-0.347024509587639	0.128000392609868	63	6	0.0088459130700197	0.10711847858227
d__Bacteria.p__Actinobacteriota.c__Actinobacteria.o__Corynebacteriales.f__Corynebacteriaceae.g__Lawsonella.__	leachate	.L	-0.437438724709449	0.161541629395093	63	5	0.00897699264449326	0.107585092260035
d__Bacteria.p__Bacteroidota.c__Bacteroidia.o__Flavobacteriales.f__Flavobacteriaceae.g__Kordia.s__Kordia_sp.	stage	.L	0.559997124014378	0.20659370568471	63	13	0.00896828033235934	0.107585092260035
d__Bacteria.p__Proteobacteria.c__Gammaproteobacteria.o__Alteromonadales.f__Colwelliaceae.g__Thalassomonas.__	stage	.Q	-0.715527300337734	0.263648530546884	63	12	0.00925907421109139	0.107636737703937
d__Bacteria.p__Proteobacteria.c__Gammaproteobacteria.o__Alteromonadales.f__Alteromonadaceae.g__Aestuariibacter.s__uncultured_Alteromonas	stage	.Q	-0.819566515720499	0.303095815895296	63	52	0.00919349415956982	0.107636737703937
d__Bacteria.p__Proteobacteria.c__Gammaproteobacteria.o__Oceanospirillales.f__Saccharospirillaceae.g__Litoribrevibacter.s__Litoribrevibacter_euphylliae	leachate	.L	0.606143423831927	0.223941002326562	63	63	0.00912203676564023	0.107636737703937
d__Bacteria.p__Proteobacteria.c__Gammaproteobacteria.o__Oceanospirillales.f__Saccharospirillaceae.g__Oleibacter.s__Oleibacter_marinus	stage	.Q	-0.697413562947351	0.257301902794769	63	62	0.00913042161472858	0.107636737703937
d__Bacteria.p__Bdellovibrionota.c__Oligoflexia.o__0319.6G20.f__0319.6G20.g__0319.6G20.__	leachate	.Q	-0.697236519962327	0.258568435826837	63	7	0.00919619136657926	0.107636737703937
d__Bacteria.p__Firmicutes.c__Bacilli.o__Lactobacillales.f__Carnobacteriaceae.g__Dolosigranulum.__	leachate	.L	-1.47417741547628	0.546052646380156	63	26	0.00922008875103862	0.107636737703937
d__Bacteria.p__Proteobacteria.c__Alphaproteobacteria.o__Caulobacterales.f__Caulobacteraceae.g__Brevundimonas.__	stage	.L	-1.19537309144238	0.444679603373828	63	33	0.00940248728576017	0.10876011412633
d__Bacteria.p__Proteobacteria.c__Gammaproteobacteria.o__Oceanospirillales.f__Saccharospirillaceae.__.__	stage	.Q	-0.514162428517864	0.19184684959082	63	63	0.00967796852586822	0.108944806515619
d__Bacteria.p__Proteobacteria.c__Gammaproteobacteria.o__Burkholderiales.f__Oxalobacteraceae.g__Janthinobacterium.__	stage	.L	-0.46611408494118	0.173950378651435	63	6	0.00968104146678106	0.108944806515619
d__Bacteria.p__Proteobacteria.c__Gammaproteobacteria.o__Enterobacterales.f__Enterobacteriaceae.g__Enterobacter.__	stage	.L	-1.16215069478302	0.433470864393046	63	21	0.0096996021284874	0.108944806515619
d__Bacteria.p__Proteobacteria.c__Gammaproteobacteria.o__Pseudomonadales.f__Moraxellaceae.g__Acinetobacter.s__Acinetobacter_marinus	leachate	.C	-0.462875955691605	0.172667874316565	63	5	0.00958958573355871	0.108944806515619
d__Bacteria.p__Firmicutes.c__Bacilli.o__Lactobacillales.f__Carnobacteriaceae.g__Atopostipes.s__uncultured_bacterium	leachate	.Q	0.969859536302868	0.361661064359008	63	14	0.00956547799387368	0.108944806515619
d__Bacteria.p__Firmicutes.c__Bacilli.o__Lactobacillales.f__Carnobacteriaceae.g__Atopostipes.s__uncultured_bacterium	stage	.Q	0.836682308384176	0.312171584188594	63	14	0.00960304679181603	0.108944806515619
d__Bacteria.p__Proteobacteria.c__Gammaproteobacteria.o__Alteromonadales.f__Pseudoalteromonadaceae.g__Pseudoalteromonas.__	stage	.Q	-0.396027178566097	0.148033087582636	63	63	0.0101987895287712	0.114000892569197
d__Bacteria.p__Proteobacteria.c__Alphaproteobacteria.o__Acetobacterales.f__Acetobacteraceae.g__Roseomonas.__	leachate	.L	0.438101937439642	0.165413831489787	63	5	0.0104996762215124	0.116246415309602
d__Bacteria.p__Proteobacteria.c__Gammaproteobacteria.o__Alteromonadales.f__Colwelliaceae.g__Thalassotalea.s__Thalassotalea_loyana	stage	.L	0.735919699443423	0.276904427766839	63	51	0.0104940975998952	0.116246415309602
d__Bacteria.p__Bacteroidota.c__Bacteroidia.o__Flavobacteriales.f__Flavobacteriaceae.g__uncultured.s__Flexibacter_sp.	stage	.L	0.641745660416367	0.242069619481658	63	25	0.0107480402683441	0.117873554829717
d__Bacteria.p__Bacteroidota.c__Bacteroidia.o__Bacteroidales.f__Prevotellaceae.g__Prevotella.s__Prevotella_pallens	stage	.Q	-0.359140403629123	0.13593785723675	63	6	0.0107201232662139	0.117873554829717
d__Bacteria.p__Proteobacteria.c__Gammaproteobacteria.o__Xanthomonadales.f__Xanthomonadaceae.g__Stenotrophomonas.s__Stenotrophomonas_rhizophila	leachate	.C	-0.823349579944793	0.313148312848031	63	15	0.0109805311921854	0.118742953589912
d__Archaea.p__Halobacterota.c__Halobacteria.o__Halobacterales.f__Halomicrobiaceae.g__Halomarina.s__uncultured_archaeon	stage	.L	-0.365809363772044	0.138932665289755	63	5	0.0109616193746317	0.118742953589912
d__Bacteria.p__Actinobacteriota.c__Actinobacteria.o__Corynebacteriales.f__Corynebacteriaceae.g__Corynebacterium.s__Corynebacterium_glyciniphilum	leachate	.Q	-0.96463183654351	0.366478379326077	63	10	0.010906694536036	0.118742953589912
d__Bacteria.p__Proteobacteria.c__Alphaproteobacteria.o__Rhodobacterales.f__Rhodobacteraceae.g__Leisingera.__	stage	.L	0.791932290505914	0.30154802031697	63	35	0.0111894927192781	0.120442456353341
d__Bacteria.p__Proteobacteria.c__Gammaproteobacteria.o__Oceanospirillales.f__Nitrincolaceae.g__Pontibacterium.s__Pontibacterium_granulatum	stage	.L	-0.536445203449988	0.203928820491211	63	31	0.0112808359067644	0.120866099001047
d__Bacteria.p__Bacteroidota.c__Bacteroidia.o__Cytophagales.f__Cyclobacteriaceae.__.__	stage	.L	-0.403613268768249	0.154626001385758	63	5	0.0116268841619159	0.123138221568337
d__Bacteria.p__Bacteroidota.c__Bacteroidia.o__Flavobacteriales.f__Flavobacteriaceae.g__Tenacibaculum.s__Flexibacter_sp.	stage	.L	0.890629006701554	0.33972345459285	63	27	0.0115777728422531	0.123138221568337
d__Bacteria.p__Bacteroidota.c__Rhodothermia.o__Rhodothermales.f__Rhodothermaceae.g__Rubrivirga.s__uncultured_Bacteroidetes	stage	.L	-0.505427500919627	0.193908545085249	63	5	0.0116517887075415	0.123138221568337
d__Bacteria.p__Actinobacteriota.c__Actinobacteria.o__Corynebacteriales.f__Corynebacteriaceae.g__Corynebacterium.s__Corynebacterium_durum	leachate	.C	-0.254616224126955	0.0977432071064508	63	4	0.0118077018630788	0.124221297880806
d__Bacteria.p__Proteobacteria.c__Gammaproteobacteria.o__Alteromonadales.f__Colwelliaceae.g__Thalassotalea.__	stage	.Q	-0.483934267327722	0.186175232101211	63	63	0.0118712854762562	0.124327651947278
d__Bacteria.p__Bacteroidota.c__Bacteroidia.o__Flavobacteriales.f__Flavobacteriaceae.g__Flavobacteriaceae.s__Aureicoccus_marinus	leachate	.L	-0.411618739105502	0.15800978980223	63	5	0.0123067744284112	0.128310540565274
d__Bacteria.p__Proteobacteria.c__Gammaproteobacteria.o__Pseudomonadales.f__Moraxellaceae.g__Psychrobacter.s__Psychrobacter_alimentarius	stage	.Q	0.698234963835277	0.270675111754457	63	13	0.0124946508471726	0.129687782230697
d__Archaea.p__Halobacterota.c__Halobacteria.o__Halobacterales.f__Halococcaceae.g__Halococcus.s__Halococcus_sp.	leachate	.C	0.471756277176507	0.183172918418169	63	7	0.0126289450286832	0.130499098629727
d__Bacteria.p__Bacteroidota.c__Bacteroidia.o__Sphingobacteriales.f__Sphingobacteriaceae.g__Pedobacter.__	stage	.L	-1.20062013348839	0.467133629463416	63	31	0.0128024300666176	0.13112621103474
d__Bacteria.p__Proteobacteria.c__Gammaproteobacteria.o__Oceanospirillales.f__Nitrincolaceae.g__Pontibacterium.s__Pontibacterium_granulatum	leachate	.Q	-0.609370906095022	0.236037933978535	63	31	0.0127754500705076	0.13112621103474
d__Bacteria.p__Bacteroidota.c__Bacteroidia.o__Flavobacteriales.f__Flavobacteriaceae.g__uncultured.s__Flexibacter_sp.	leachate	.L	-0.710200690713404	0.275255382305034	63	25	0.0128899108893717	0.131443170253461
d__Bacteria.p__Actinobacteriota.c__Actinobacteria.o__Corynebacteriales.f__Corynebacteriaceae.g__Corynebacterium.s__Corynebacterium_variabile	stage	.L	-0.359680243147453	0.140041201095901	63	5	0.0129561844527066	0.131542047391016
d__Bacteria.p__Proteobacteria.c__Gammaproteobacteria.o__Enterobacterales.f__Erwiniaceae.__.__	stage	.L	-0.370866118569411	0.144653365659151	63	9	0.0131226455055689	0.132078574893713
d__Bacteria.p__Bacteroidota.c__Bacteroidia.o__Flavobacteriales.f__Flavobacteriaceae.g__Gilvibacter.s__Gilvibacter_sp.	stage	.L	0.608485710636844	0.236341083276399	63	18	0.0130832172622387	0.132078574893713
d__Bacteria.p__Proteobacteria.c__Alphaproteobacteria.o__Kordiimonadales.f__Kordiimonadaceae.g__Kordiimonas.s__uncultured_bacterium	stage	.L	0.471060713041594	0.184826244241922	63	12	0.0137570855105771	0.137867344017637
d__Bacteria.p__Proteobacteria.c__Alphaproteobacteria.o__Kordiimonadales.f__Kordiimonadaceae.g__Kordiimonas.s__uncultured_Kordiimonas	stage	.L	0.965893526027796	0.380531659822345	63	18	0.0139762885265141	0.139462964910495
d__Bacteria.p__Bacteroidota.c__Bacteroidia.o__Flavobacteriales.f__Flavobacteriaceae.g__uncultured.s__Tenacibaculum_sp.	leachate	.Q	-0.408259770120189	0.160881969396171	63	9	0.0140935490528856	0.140032057897261
d__Bacteria.p__Proteobacteria.c__Gammaproteobacteria.o__Enterobacterales.f__Erwiniaceae.g__Pantoea.__	leachate	.C	-0.623447509577232	0.246732536462921	63	14	0.0144218770965363	0.142684528721051
d__Bacteria.p__Proteobacteria.c__Gammaproteobacteria.o__Oceanospirillales.f__Nitrincolaceae.g__Pontibacterium.s__uncultured_bacterium	stage	.L	-0.76004437410319	0.301584620882298	63	55	0.0150055472913553	0.147830073950852
d__Bacteria.p__Proteobacteria.c__Gammaproteobacteria.o__Burkholderiales.f__Comamonadaceae.g__Comamonas.s__Comamonas_sediminis	stage	.L	-0.544736651080658	0.217293118653697	63	12	0.0151272012466412	0.148399759065151
d__Bacteria.p__Proteobacteria.c__Gammaproteobacteria.o__Alteromonadales.f__Shewanellaceae.g__Ferrimonas.__	stage	.L	0.651818542608289	0.26022132438082	63	11	0.0153430294130823	0.149884636073178
d__Bacteria.p__Proteobacteria.c__Gammaproteobacteria.o__Oceanospirillales.f__Nitrincolaceae.__.__	leachate	.Q	-0.489860430604811	0.195309717337127	63	63	0.0154860445059887	0.15064875931558
d__Bacteria.p__Actinobacteriota.c__Actinobacteria.o__Micrococcales.f__Dermabacteraceae.g__Brachybacterium.__	leachate	.C	-1.04584342934408	0.41966213038676	63	18	0.015747354889966	0.151598934451976
d__Bacteria.p__Firmicutes.c__Clostridia.o__Peptostreptococcales.Tissierellales.f__Peptostreptococcaceae.g__Peptostreptococcus.__	stage	.L	-0.466230897301984	0.187445964271692	63	5	0.0158228109033239	0.151598934451976
d__Bacteria.p__Firmicutes.c__Bacilli.o__Staphylococcales.f__Staphylococcaceae.g__Macrococcus.__	stage	.L	-0.628078456553104	0.252181739564642	63	9	0.0156913551957682	0.151598934451976
d__Bacteria.p__Proteobacteria.c__Alphaproteobacteria.o__Caulobacterales.f__Hyphomonadaceae.g__Ponticaulis.s__Ponticaulis_koreensis	leachate	.C	-0.954398589510495	0.381655342355524	63	32	0.0158445337943356	0.151598934451976
d__Bacteria.p__Proteobacteria.c__Gammaproteobacteria.o__Alteromonadales.f__Alteromonadaceae.g__Aestuariibacter.s__Aestuariibacter_aggregatus	stage	.Q	-0.322820606129013	0.129977406098016	63	63	0.0160791241911076	0.151967332294005
d__Bacteria.p__Actinobacteriota.c__Actinobacteria.o__Micrococcales.f__Micrococcaceae.g__Micrococcus.__	stage	.L	-1.3362154720751	0.537737379948447	63	45	0.0160380742162721	0.151967332294005
d__Bacteria.p__Bdellovibrionota.c__Bdellovibrionia.o__Bacteriovoracales.f__Bacteriovoracaceae.g__Peredibacter.s__uncultured_bacterium	stage	.L	1.08835500370558	0.436532908740381	63	31	0.0160437521191027	0.151967332294005
d__Bacteria.p__Actinobacteriota.c__Actinobacteria.o__Micrococcales.f__Beutenbergiaceae.__.__	leachate	.C	-0.411637160351367	0.167844951218185	63	5	0.0172720119471364	0.162580679259483
d__Bacteria.p__Actinobacteriota.c__Actinobacteria.o__Propionibacteriales.f__Nocardioidaceae.g__Nocardioides.__	leachate	.C	-1.33106819429098	0.543144012044043	63	36	0.0175015535527543	0.164077064557072
d__Bacteria.p__Proteobacteria.c__Gammaproteobacteria.o__Alteromonadales.f__Pseudoalteromonadaceae.g__Algicola.s__uncultured_bacterium	stage	.Q	-0.374245197997804	0.15219812434952	63	63	0.0176095768877795	0.164426772144929
d__Bacteria.p__Proteobacteria.c__Gammaproteobacteria.o__Alteromonadales.f__Pseudoalteromonadaceae.__.__	stage	.Q	-0.668633009653341	0.272637097373192	63	63	0.0177975191741047	0.165364970072557
d__Bacteria.p__Bacteroidota.c__Bacteroidia.o__Flavobacteriales.f__Flavobacteriaceae.g__Leeuwenhoekiella.__	stage	.L	0.836153728402497	0.341645085275021	63	55	0.0178523042960051	0.165364970072557
d__Bacteria.p__Firmicutes.c__Bacilli.o__Lactobacillales.f__Streptococcaceae.g__Streptococcus.__	stage	.L	-1.07790519628635	0.442380326432121	63	48	0.0180763012658575	0.166775398583805
d__Bacteria.p__Bacteroidota.c__Bacteroidia.o__Flavobacteriales.f__Flavobacteriaceae.g__NS5_marine_group.__	stage	.L	-1.15303208355028	0.474272098326613	63	42	0.0185291362398487	0.170277635405724
d__Bacteria.p__Firmicutes.c__Bacilli.o__Lactobacillales.f__Lactobacillaceae.g__Lactobacillus.__	leachate	.L	-1.46078461284282	0.60461284702901	63	51	0.0190514090149081	0.174387897478981
d__Bacteria.p__Bacteroidota.c__Bacteroidia.o__Bacteroidales.f__Prevotellaceae.g__Prevotella.s__Prevotella_pallens	leachate	.C	-0.386292228499809	0.160365592763158	63	6	0.0193866868363414	0.176760968213701
d__Bacteria.p__Firmicutes.c__Bacilli.o__Lactobacillales.f__Leuconostocaceae.g__Leuconostoc.s__Leuconostoc_carnosum	stage	.Q	-0.716817680049271	0.298260477537108	63	7	0.0196622816136426	0.178573456061403
d__Bacteria.p__Fusobacteriota.c__Fusobacteriia.o__Fusobacteriales.f__Fusobacteriaceae.g__Fusobacterium.__	stage	.Q	-0.528884177069271	0.22027670119095	63	6	0.0197678357761193	0.178833533772286
d__Bacteria.p__Firmicutes.c__Bacilli.o__Exiguobacterales.f__Exiguobacteraceae.g__Exiguobacterium.__	stage	.L	-1.23850500025964	0.516211969662277	63	30	0.0199729066734262	0.17998840316169
d__Bacteria.p__Actinobacteriota.c__Actinobacteria.o__Corynebacteriales.f__Corynebacteriaceae.g__Corynebacterium.__	leachate	.Q	-0.958429399158506	0.401337163867681	63	57	0.0204490628751273	0.183567842411857
d__Bacteria.p__Proteobacteria.c__Gammaproteobacteria.o__Oceanospirillales.f__Saccharospirillaceae.g__Bermanella.s__uncultured_bacterium	stage	.L	-0.410499091482408	0.171821173166552	63	63	0.020554778103551	0.183807150349062
d__Bacteria.p__Actinobacteriota.c__Actinobacteria.o__Micrococcales.f__Microbacteriaceae.g__Microbacterium.__	stage	.L	-0.654774548201754	0.275201455818437	63	17	0.0207184211268028	0.184560647968646
d__Bacteria.p__Firmicutes.c__Bacilli.o__Bacillales.f__Planococcaceae.g__Lysinibacillus.__	leachate	.C	-0.323483259414028	0.136113288046251	63	4	0.0211282213127696	0.18749280363431
d__Bacteria.p__Proteobacteria.c__Alphaproteobacteria.o__Acetobacterales.f__Acetobacteraceae.g__Acidiphilium.__	leachate	.Q	-0.635155460846818	0.268131567373077	63	5	0.02136285329894	0.188854121368957
d__Bacteria.p__Bacteroidota.c__Bacteroidia.o__Flavobacteriales.f__Flavobacteriaceae.g__Tenacibaculum.s__Tenacibaculum_litopenaei	stage	.Q	-0.798403951614461	0.338066883938778	63	55	0.0216324717953764	0.19051324592519
d__Bacteria.p__Proteobacteria.c__Alphaproteobacteria.o__Rhizobiales.f__Stappiaceae.g__Pseudovibrio.s__Pseudovibrio_hongkongensis	stage	.L	0.663131412800828	0.280835496607925	63	13	0.022044811994946	0.193412029766979
d__Bacteria.p__Proteobacteria.c__Alphaproteobacteria.o__Rhodobacterales.f__Rhodobacteraceae.g__Paracoccus.__	stage	.Q	-0.531406241269672	0.225362108453766	63	63	0.0222273566617689	0.194280467062453
d__Bacteria.p__Proteobacteria.c__Alphaproteobacteria.o__Kordiimonadales.f__Temperatibacteraceae.g__Temperatibacter.__	stage	.L	0.858230774405436	0.364613307455806	63	36	0.0224753887436521	0.194996510055137
d__Bacteria.p__Proteobacteria.c__Gammaproteobacteria.o__Alteromonadales.f__Pseudoalteromonadaceae.g__Pseudoalteromonas.s__Pseudoalteromonas_phenolica	stage	.Q	-0.581980267188115	0.246986456926066	63	63	0.0224770170730222	0.194996510055137
d__Bacteria.p__Proteobacteria.c__Gammaproteobacteria.o__Vibrionales.f__Vibrionaceae.g__Vibrio.s__Vibrio_mediterranei	leachate	.Q	-0.354660584665948	0.150599245354604	63	63	0.0226547979998303	0.195082982776317
d__Bacteria.p__Proteobacteria.c__Gammaproteobacteria.o__Vibrionales.f__Vibrionaceae.g__Vibrio.s__bacterium_4H201	leachate	.L	0.63803170165154	0.271854352828314	63	62	0.0226146816718748	0.195082982776317
d__Bacteria.p__Proteobacteria.c__Alphaproteobacteria.o__Rhodobacterales.f__Rhodobacteraceae.g__Sulfitobacter.__	stage	.L	0.503464151667934	0.214334932284415	63	59	0.0228499307619234	0.19603722886152
d__Bacteria.p__Actinobacteriota.c__Actinobacteria.o__Micrococcales.f__Dermabacteraceae.g__Brachybacterium.__	stage	.L	-0.836064960378437	0.357261358185316	63	18	0.0229356350273902	0.196049086171625
d__Bacteria.p__Proteobacteria.c__Alphaproteobacteria.o__Sphingomonadales.f__Sphingomonadaceae.g__Novosphingobium.__	leachate	.Q	0.829204961406022	0.354997890892383	63	21	0.0231831862321145	0.19743922340537
d__Bacteria.p__Bacteroidota.c__Bacteroidia.o__Flavobacteriales.f__Flavobacteriaceae.g__Aquibacter.__	leachate	.L	-0.67393967978684	0.287431558917483	63	47	0.0232706488081438	0.197460797368373
d__Bacteria.p__Bacteroidota.c__Bacteroidia.o__Bacteroidales.f__Bacteroidaceae.g__Bacteroides.__	leachate	.C	0.592768131642934	0.254109947637375	63	4	0.0233616512952968	0.197512142769327
d__Bacteria.p__Firmicutes.c__Clostridia.o__Lachnospirales.f__Lachnospiraceae.__.__	leachate	.C	0.396951287549271	0.170579021772654	63	6	0.0236752483982389	0.198718240165724
d__Bacteria.p__Proteobacteria.c__Alphaproteobacteria.o__Kordiimonadales.f__Temperatibacteraceae.g__Temperatibacter.s__Temperatibacter_marinus	leachate	.C	-0.442080566920621	0.189123401635855	63	10	0.0236524288179562	0.198718240165724
d__Bacteria.p__Patescibacteria.c__Gracilibacteria.o__JGI_0000069.P22.f__JGI_0000069.P22.g__JGI_0000069.P22.__	stage	.L	0.950403157486957	0.409079810253371	63	53	0.0239652652854554	0.198997292102442
d__Bacteria.p__Firmicutes.c__Bacilli.o__Lactobacillales.f__Streptococcaceae.g__Streptococcus.s__Streptococcus_salivarius	stage	.Q	-1.22031114499719	0.525466600772986	63	38	0.0239573778405807	0.198997292102442
d__Bacteria.p__Proteobacteria.c__Gammaproteobacteria.o__Alteromonadales.f__Idiomarinaceae.g__Idiomarina.__	leachate	.C	-0.736094407170808	0.316266163963696	63	18	0.0238706366989044	0.198997292102442
d__Bacteria.p__Bacteroidota.c__Bacteroidia.o__Bacteroidales.f__Porphyromonadaceae.g__Porphyromonas.__	stage	.L	-0.304334491855369	0.131559086990688	63	4	0.024477920234458	0.202530834680124
d__Bacteria.p__Actinobacteriota.c__Actinobacteria.o__Frankiales.f__Geodermatophilaceae.g__Modestobacter.__	leachate	.L	-0.606285156748164	0.262988229651094	63	6	0.0248069868574252	0.203837817044714
d__Bacteria.p__Proteobacteria.c__Alphaproteobacteria.o__SAR11_clade.f__Clade_I.g__Clade_Ia.s__uncultured_alpha	stage	.Q	-0.190898757533226	0.0826460461566752	63	4	0.024811226762862	0.203837817044714
d__Bacteria.p__Proteobacteria.c__Gammaproteobacteria.o__Vibrionales.f__Vibrionaceae.g__Vibrio.__	stage	.L	-0.292991258660368	0.127240325415549	63	63	0.0250765036752144	0.204571477350433
d__Bacteria.p__Proteobacteria.c__Gammaproteobacteria.o__Vibrionales.f__Vibrionaceae.g__Vibrio.s__Vibrio_mediterranei	stage	.Q	-0.293614082730281	0.126928357155181	63	63	0.0250572060257968	0.204571477350433
d__Bacteria.p__Bacteroidota.c__Bacteroidia.o__Flavobacteriales.f__Flavobacteriaceae.g__Winogradskyella.__	stage	.L	0.769975742884125	0.335699866745625	63	47	0.0261172438928038	0.210909702029502
d__Bacteria.p__Bacteroidota.c__Bacteroidia.o__Flavobacteriales.f__Flavobacteriaceae.g__Tenacibaculum.__	leachate	.Q	-0.631512481318778	0.276003091741739	63	59	0.0261791342453644	0.210909702029502
d__Bacteria.p__Proteobacteria.c__Alphaproteobacteria.o__Rhizobiales.f__Devosiaceae.g__Devosia.__	leachate	.Q	0.253561887419885	0.111006108217544	63	5	0.026216302746893	0.210909702029502
d__Bacteria.p__Firmicutes.c__Bacilli.o__Staphylococcales.f__Gemellaceae.g__Gemella.__	leachate	.Q	-0.92368234706087	0.404541027873751	63	13	0.0261611787524387	0.210909702029502
d__Bacteria.p__Actinobacteriota.c__Actinobacteria.o__Micrococcales.f__Micrococcaceae.g__Glutamicibacter.__	stage	.Q	-0.295299484862417	0.129757359181148	63	5	0.026635914799735	0.21354655830822
d__Bacteria.p__Firmicutes.c__Bacilli.o__Lactobacillales.f__Carnobacteriaceae.g__Dolosigranulum.__	leachate	.Q	-1.26320201177594	0.555446382738288	63	26	0.0269059434859726	0.214586176528027
d__Bacteria.p__Bacteroidota.c__Bacteroidia.o__Flavobacteriales.f__Flavobacteriaceae.g__NS5_marine_group.s__uncultured_Flavobacteriaceae	leachate	.L	-0.769772740450109	0.337965238349151	63	37	0.0269501778693264	0.214586176528027
d__Bacteria.p__Patescibacteria.c__Gracilibacteria.o__JGI_0000069.P22.f__JGI_0000069.P22.g__JGI_0000069.P22.s__uncultured_bacterium	leachate	.L	-0.994165857573996	0.438006752255189	63	57	0.027552274652749	0.218631530947582
d__Bacteria.p__Fusobacteriota.c__Fusobacteriia.o__Fusobacteriales.f__Fusobacteriaceae.g__Fusobacterium.__	leachate	.Q	-0.577057005778418	0.255232195996534	63	6	0.0277141332081854	0.219167890166772
d__Bacteria.p__Actinobacteriota.c__Actinobacteria.o__Streptomycetales.f__Streptomycetaceae.g__Streptomyces.__	stage	.L	-0.738473308021394	0.326979243845015	63	13	0.0279357594369422	0.220171663358951
d__Bacteria.p__Actinobacteriota.c__Actinobacteria.o__Micrococcales.f__Micrococcaceae.g__Kocuria.s__Kocuria_rhizophila	stage	.L	-0.518397552816296	0.230500068486739	63	10	0.0283926232789725	0.222761335578915
d__Bacteria.p__Proteobacteria.c__Gammaproteobacteria.o__Vibrionales.f__Vibrionaceae.g__Vibrio.s__bacterium_4H201	stage	.L	-0.53852839113871	0.239208271856334	63	62	0.0284559641578227	0.222761335578915
d__Bacteria.p__Campilobacterota.c__Campylobacteria.o__Campylobacterales.f__Arcobacteraceae.__.__	leachate	.C	-1.40192297720709	0.628024403239734	63	37	0.0295423796550644	0.230490042610821
d__Bacteria.p__Proteobacteria.c__Alphaproteobacteria.o__Caulobacterales.f__Caulobacteraceae.g__Caulobacter.__	leachate	.C	0.334398572329359	0.149923906965332	63	5	0.0296698008593296	0.23070998995967
d__Bacteria.p__Proteobacteria.c__Gammaproteobacteria.o__Oceanospirillales.f__Saccharospirillaceae.g__Oleibacter.s__Oleibacter_marinus	leachate	.L	0.654739272796681	0.294017874051009	63	62	0.030165947689105	0.23241464485347
d__Bacteria.p__Proteobacteria.c__Alphaproteobacteria.o__SAR11_clade.f__Clade_II.g__Clade_II.s__unidentified_marine	stage	.Q	-0.4572577375761	0.20510324221775	63	61	0.0302888762970329	0.23241464485347
d__Bacteria.p__Actinobacteriota.c__Actinobacteria.o__Corynebacteriales.f__Corynebacteriaceae.g__Corynebacterium.s__Corynebacterium_lipophiloflavum	leachate	.Q	0.348802262418886	0.156931905708098	63	7	0.0302230743618524	0.23241464485347
d__Bacteria.p__Proteobacteria.c__Gammaproteobacteria.o__Oceanospirillales.f__Saccharospirillaceae.g__Bermanella.s__uncultured_bacterium	leachate	.L	0.435157184032279	0.195204484110649	63	63	0.0301337637138387	0.23241464485347
d__Bacteria.p__Actinobacteriota.c__Actinobacteria.o__Frankiales.f__Geodermatophilaceae.g__Modestobacter.__	stage	.L	-0.514117581103011	0.231552973841401	63	6	0.0303898182259665	0.232422129524251
d__Bacteria.p__Proteobacteria.c__Alphaproteobacteria.o__Rhodobacterales.f__Rhodobacteraceae.g__Donghicola.s__Donghicola_tyrosinivorans	stage	.L	0.69109388360237	0.311861901476672	63	56	0.0306977040677921	0.234007088385628
d__Bacteria.p__Proteobacteria.c__Gammaproteobacteria.o__Oceanospirillales.f__Oceanospirillaceae.g__Oceanospirillum.s__uncultured_Oceanospirillum	stage	.L	-0.551048362773746	0.248041967483073	63	62	0.0309522961135412	0.23517675968622
d__Bacteria.p__Firmicutes.c__Bacilli.o__Lactobacillales.f__Streptococcaceae.g__Lactococcus.__	stage	.L	-1.02493668832962	0.463567339781366	63	25	0.0310646608246821	0.235261682141322
d__Bacteria.p__Bacteroidota.c__Rhodothermia.o__Rhodothermales.f__Rhodothermaceae.g__Rubrivirga.s__uncultured_Bacteroidetes	leachate	.Q	0.494812443081797	0.224054338646517	63	5	0.0312499029917571	0.235896183298166
d__Bacteria.p__Proteobacteria.c__Gammaproteobacteria.o__Burkholderiales.f__Oxalobacteraceae.g__Massilia.__	leachate	.C	-1.05270092949615	0.477537051820271	63	47	0.0315456862061763	0.237358318541618
d__Bacteria.p__Firmicutes.c__Bacilli.o__Lactobacillales.f__Leuconostocaceae.g__Weissella.__	leachate	.C	-0.934146156861279	0.423270396448352	63	17	0.0316970386359124	0.237727789769343
d__Bacteria.p__Firmicutes.c__Bacilli.o__Bacillales.f__Bacillaceae.g__Bacillus.__	stage	.L	-1.04468981898613	0.47452410017504	63	26	0.0319601462991437	0.23854628258445
d__Bacteria.p__Actinobacteriota.c__Thermoleophilia.o__Solirubrobacterales.f__Solirubrobacteraceae.g__Conexibacter.__	stage	.Q	-0.446620865803208	0.202645805314006	63	5	0.0320113721145584	0.23854628258445
d__Bacteria.p__Proteobacteria.c__Gammaproteobacteria.o__Oceanospirillales.f__Nitrincolaceae.g__Neptunomonas.__	stage	.L	-0.432590777424688	0.196794501494741	63	27	0.0322344322336217	0.238678518927294
d__Bacteria.p__Proteobacteria.c__Gammaproteobacteria.o__Enterobacterales.f__Enterobacteriaceae.g__Escherichia.Shigella.__	leachate	.C	-0.792061127308699	0.360403902232824	63	54	0.0321949721955002	0.238678518927294
d__Bacteria.p__Proteobacteria.c__Alphaproteobacteria.o__Rhizobiales.f__Devosiaceae.g__Devosia.__	stage	.L	-0.210552132728672	0.0960505040948931	63	5	0.032602098043464	0.240634533177948
d__Bacteria.p__Proteobacteria.c__Gammaproteobacteria.o__Alteromonadales.f__Pseudoalteromonadaceae.g__Algicola.s__Algicola_bacteriolytica	stage	.Q	-0.578552830835097	0.26342886041529	63	63	0.0328586091563174	0.241760336355816
d__Bacteria.p__Firmicutes.c__Bacilli.o__Lactobacillales.f__Lactobacillaceae.g__Lactobacillus.s__Lactobacillus_jensenii	stage	.Q	0.508201179334196	0.23227301377389	63	9	0.0329718269740992	0.241828068500885
d__Bacteria.p__Proteobacteria.c__Alphaproteobacteria.o__Rhodobacterales.f__Rhodobacteraceae.g__Rubellimicrobium.s__uncultured_bacterium	stage	.L	-0.415359797505622	0.190286445794691	63	6	0.0331835532108528	0.242615601305763
d__Bacteria.p__Proteobacteria.c__Alphaproteobacteria.o__Sphingomonadales.f__Sphingomonadaceae.g__Novosphingobium.__	stage	.L	-0.669426406288666	0.307180256121509	63	21	0.0336342539025089	0.245139938317659
d__Bacteria.p__Proteobacteria.c__Gammaproteobacteria.o__Oceanospirillales.f__Oleiphilaceae.g__Oleiphilus.__	leachate	.L	-0.639040903129451	0.293297334808289	63	17	0.0337426438379519	0.245161396635119
d__Bacteria.p__Bacteroidota.c__Bacteroidia.o__Flavobacteriales.f__Flavobacteriaceae.g__Lutibacter.__	leachate	.Q	0.820645787038382	0.377641192021423	63	19	0.034065264646712	0.246734393469175
d__Bacteria.p__Proteobacteria.c__Gammaproteobacteria.o__Oceanospirillales.f__Litoricolaceae.g__Litoricola.s__Litoricola_marina	stage	.Q	-0.142031595936586	0.0653117140740073	63	4	0.03429397116455	0.246852888413557
d__Bacteria.p__Proteobacteria.c__Gammaproteobacteria.o__Alteromonadales.f__Pseudoalteromonadaceae.g__Algicola.s__Pseudoalteromonas_sp.	stage	.L	0.811978737298659	0.373276501494716	63	32	0.0342163863687832	0.246852888413557
