feature,metadata,value,name,coef,null_hypothesis,stderr,pval_individual,qval_individual,pval_joint,qval_joint,error,model,N,N_not_zero,formula
d__Bacteria;p__Bacteroidota;c__Bacteroidia;o__Flavobacteriales;f__Flavobacteriaceae;g__Aquibacter;__,leachate,.Q,leachate.Q,-4.60320665170683,0,0.098986609899939,0,0,0,0,NA,prevalence,63,47,~ leachate * hpf + reads + (1|spawn_night)
d__Bacteria;p__Gemmatimonadota;c__Longimicrobia;o__Longimicrobiales;f__Longimicrobiaceae;g__Longimicrobiaceae;s__uncultured_bacterium,leachate,.C,leachate.C,-2.76244529697233,0,0.0711157678401181,0,0,0,0,NA,prevalence,63,5,~ leachate * hpf + reads + (1|spawn_night)
d__Bacteria;p__Gemmatimonadota;c__Longimicrobia;o__Longimicrobiales;f__Longimicrobiaceae;g__Longimicrobiaceae;s__uncultured_bacterium,leachate,.L,leachate.L,26.1551745249429,0,0.0711841851886146,0,0,0,0,NA,prevalence,63,5,~ leachate * hpf + reads + (1|spawn_night)
d__Bacteria;p__Gemmatimonadota;c__Longimicrobia;o__Longimicrobiales;f__Longimicrobiaceae;g__Longimicrobiaceae;s__uncultured_bacterium,leachate,.L:hpf,leachate.L:hpf,22.2681954505412,0,0.071138843460571,0,0,0,0,NA,prevalence,63,5,~ leachate * hpf + reads + (1|spawn_night)
d__Bacteria;p__Gemmatimonadota;c__Longimicrobia;o__Longimicrobiales;f__Longimicrobiaceae;g__Longimicrobiaceae;s__uncultured_bacterium,leachate,.Q,leachate.Q,-10.7449512220867,0,0.0711400615054527,0,0,0,0,NA,prevalence,63,5,~ leachate * hpf + reads + (1|spawn_night)
d__Bacteria;p__Gemmatimonadota;c__Longimicrobia;o__Longimicrobiales;f__Longimicrobiaceae;g__Longimicrobiaceae;s__uncultured_bacterium,leachate,.Q:hpf,leachate.Q:hpf,-7.26981332460803,0,0.0711088312368718,0,0,0,0,NA,prevalence,63,5,~ leachate * hpf + reads + (1|spawn_night)
d__Bacteria;p__Proteobacteria;c__Alphaproteobacteria;o__Rhodobacterales;f__Rhodobacteraceae;g__Tropicibacter;s__Tropicibacter_phthalicicus,leachate,.L,leachate.L,7.87382076357924,0,0.197706917801889,0,0,0,0,NA,prevalence,63,52,~ leachate * hpf + reads + (1|spawn_night)
d__Bacteria;p__Proteobacteria;c__Gammaproteobacteria;o__Alteromonadales;f__Pseudoalteromonadaceae;g__Psychrosphaera;s__uncultured_bacterium,leachate,.Q,leachate.Q,-9.3362757218275,0,0.184767220294103,0,0,0,0,NA,prevalence,63,53,~ leachate * hpf + reads + (1|spawn_night)
d__Bacteria;p__Bacteroidota;c__Bacteroidia;o__Flavobacteriales;f__Flavobacteriaceae;g__Aquibacter;__,leachate,.C,leachate.C,-5.61697588710481,0,0.151577914582181,1.40130013576584e-293,9.03137937501084e-293,2.80260027153165e-293,1.37210638293737e-293,NA,prevalence,63,47,~ leachate * hpf + reads + (1|spawn_night)
d__Bacteria;p__Proteobacteria;c__Gammaproteobacteria;o__Alteromonadales;f__Colwelliaceae;g__Thalassotalea;s__Thalassotalea_loyana,leachate,.C,leachate.C,6.9765724970681,0,0.240072014776405,1.1393328217488899e-185,6.778153879543019e-183,2.27866564349776e-185,1.0297815888884098e-182,NA,prevalence,63,51,~ leachate * hpf + reads + (1|spawn_night)
d__Bacteria;p__Bacteroidota;c__Bacteroidia;o__Flavobacteriales;f__Flavobacteriaceae;g__Aquibacter;__,leachate,.L:hpf,leachate.L:hpf,3.18109549532002,0,0.109842474696623,2.0684557059295497e-184,1.1426740306899398e-181,4.1369114118590894e-184,1.7360253246194397e-181,NA,prevalence,63,47,~ leachate * hpf + reads + (1|spawn_night)
d__Bacteria;p__Proteobacteria;c__Alphaproteobacteria;o__Rhodobacterales;f__Rhodobacteraceae;g__Tropicibacter;s__Tropicibacter_phthalicicus,leachate,.L:hpf,leachate.L:hpf,7.23304057778967,0,0.265542020204652,2.2569972104459196e-163,1.16370776170592e-160,4.51399442089194e-163,1.7679811481826797e-160,NA,prevalence,63,52,~ leachate * hpf + reads + (1|spawn_night)
d__Bacteria;p__Proteobacteria;c__Alphaproteobacteria;o__Rhodospirillales;f__Terasakiellaceae;g__Terasakiella;s__uncultured_bacterium,leachate,.L,leachate.L,-8.8435556734068,0,0.378144803311204,5.8378316674395594e-121,2.8218618822485995e-118,1.1675663334878899e-120,4.287157630775849e-118,NA,prevalence,63,56,~ leachate * hpf + reads + (1|spawn_night)
d__Bacteria;p__Proteobacteria;c__Alphaproteobacteria;o__Rhodobacterales;f__Rhodobacteraceae;g__Sulfitobacter;__,leachate,.L,leachate.L,10.2705510392513,0,0.4660960724883,1.3226559726033396e-107,6.01730664242013e-105,2.6453119452067092e-107,9.14188686946435e-105,NA,prevalence,63,59,~ leachate * hpf + reads + (1|spawn_night)
d__Bacteria;p__Proteobacteria;c__Gammaproteobacteria;o__Alteromonadales;f__Colwelliaceae;g__Thalassotalea;s__Thalassotalea_loyana,leachate,.Q,leachate.Q,-4.25734828657155,0,0.203567603831126,4.01976065611754e-97,1.6362541533901597e-94,8.039521312235049e-97,2.4859046162832e-94,NA,prevalence,63,51,~ leachate * hpf + reads + (1|spawn_night)
d__Bacteria;p__Bacteroidota;c__Bacteroidia;o__Flavobacteriales;f__Flavobacteriaceae;g__Aquibacter;__,leachate,.C:hpf,leachate.C:hpf,-3.26420301444744,0,0.162296461115347,5.72488365056634e-90,2.213812507674e-87,1.1449767301132698e-89,3.3633691447077396e-87,NA,prevalence,63,47,~ leachate * hpf + reads + (1|spawn_night)
d__Bacteria;p__Gemmatimonadota;c__Longimicrobia;o__Longimicrobiales;f__Longimicrobiaceae;g__Longimicrobiaceae;s__uncultured_bacterium,leachate,.C:hpf,leachate.C:hpf,-1.39577410161778,0,0.0710606220942989,6.765401238601919e-86,2.49160062758796e-83,6.765401238601919e-86,1.8927015369898198e-83,NA,prevalence,63,5,~ leachate * hpf + reads + (1|spawn_night)
d__Bacteria;p__Proteobacteria;c__Gammaproteobacteria;o__Alteromonadales;f__Colwelliaceae;g__Thalassotalea;s__Thalassotalea_loyana,leachate,.L,leachate.L,-4.64414191954224,0,0.255786666165143,1.14465250179579e-73,4.02397384040392e-71,2.2893050035915502e-73,6.11348495277289e-71,NA,prevalence,63,51,~ leachate * hpf + reads + (1|spawn_night)
d__Bacteria;p__Proteobacteria;c__Alphaproteobacteria;o__Rhodospirillales;f__Terasakiellaceae;g__Terasakiella;s__uncultured_bacterium,leachate,.L:hpf,leachate.L:hpf,-7.16124033944318,0,0.404009871769167,2.6696320903319497e-70,8.9769280811423e-68,5.33926418066383e-70,1.3638337852782601e-67,NA,prevalence,63,56,~ leachate * hpf + reads + (1|spawn_night)
d__Bacteria;p__Proteobacteria;c__Gammaproteobacteria;o__Alteromonadales;f__Colwelliaceae;g__Thalassotalea;s__Thalassotalea_loyana,leachate,.C:hpf,leachate.C:hpf,-5.69134815176369,0,0.343860870814654,1.5665432745761302e-61,5.04818570232158e-59,3.13308654915229e-61,7.66953478177903e-59,NA,prevalence,63,51,~ leachate * hpf + reads + (1|spawn_night)
d__Bacteria;p__Proteobacteria;c__Alphaproteobacteria;o__Rhodobacterales;f__Rhodobacteraceae;g__Tropicibacter;s__Tropicibacter_phthalicicus,leachate,.C,leachate.C,-4.61217591578371,0,0.318364180083031,1.46170895203728e-47,4.3480219365601096e-45,2.92341790407457e-47,6.60580007170697e-45,NA,prevalence,63,52,~ leachate * hpf + reads + (1|spawn_night)
d__Bacteria;p__Bacteroidota;c__Bacteroidia;o__Flavobacteriales;f__Flavobacteriaceae;g__Aquibacter;__,leachate,.L,leachate.L,3.0609538786636,0,0.239148410145952,1.65243154312765e-37,4.7332983535367496e-35,3.30486308625529e-37,7.191137271018459e-35,NA,prevalence,63,47,~ leachate * hpf + reads + (1|spawn_night)
d__Bacteria;p__Bacteroidota;c__Bacteroidia;o__Flavobacteriales;f__Flavobacteriaceae;g__Aquibacter;__,leachate,.Q:hpf,leachate.Q:hpf,-2.92103739598866,0,0.230281097690166,7.19254132826259e-37,1.9866826654565297e-34,1.43850826565253e-36,3.0182985931102197e-34,NA,prevalence,63,47,~ leachate * hpf + reads + (1|spawn_night)
d__Bacteria;p__Proteobacteria;c__Gammaproteobacteria;o__Oceanospirillales;f__Oleiphilaceae;g__Oleiphilus;s__Oleiphilus_sp.,leachate,.Q,leachate.Q,-10.7742778338218,0,0.935196832292064,1.03564271484222e-30,2.6698869188632297e-28,2.0712854296844497e-30,4.05626729979871e-28,NA,prevalence,63,54,~ leachate * hpf + reads + (1|spawn_night)
d__Bacteria;p__Proteobacteria;c__Gammaproteobacteria;o__Oceanospirillales;f__Nitrincolaceae;g__Pontibacterium;s__uncultured_bacterium,leachate,.C,leachate.C,-6.35711178703386,0,0.553380642370912,1.5197754827045599e-30,3.79159470427001e-28,3.0395509654091197e-30,5.76043932960598e-28,NA,prevalence,63,55,~ leachate * hpf + reads + (1|spawn_night)
d__Bacteria;p__Proteobacteria;c__Alphaproteobacteria;o__Rhodospirillales;f__Terasakiellaceae;g__Terasakiella;s__uncultured_bacterium,leachate,.C,leachate.C,4.14769743390808,0,0.411552580543651,6.899823488570381e-24,1.61706772304859e-21,1.37996469771408e-23,2.45675533305159e-21,NA,prevalence,63,56,~ leachate * hpf + reads + (1|spawn_night)
d__Bacteria;p__Proteobacteria;c__Alphaproteobacteria;o__Rhodobacterales;f__Rhodobacteraceae;g__Tropicibacter;s__Tropicibacter_phthalicicus,leachate,.C:hpf,leachate.C:hpf,-2.03451089177298,0,0.202628358406034,1.01054554649731e-23,2.2986938990029996e-21,2.02109109299462e-23,3.49232652098336e-21,NA,prevalence,63,52,~ leachate * hpf + reads + (1|spawn_night)
d__Bacteria;p__Proteobacteria;c__Alphaproteobacteria;o__SAR11_clade;f__Clade_II;g__Clade_II;__,leachate,.C,leachate.C,-5.38958468722442,0,0.548996255918787,9.498065317445129e-23,2.09880106186059e-20,1.89961306348902e-22,3.18863621371372e-20,NA,prevalence,63,53,~ leachate * hpf + reads + (1|spawn_night)
d__Bacteria;p__Proteobacteria;c__Gammaproteobacteria;o__Burkholderiales;f__Neisseriaceae;g__uncultured;s__uncultured_bacterium,leachate,.Q,leachate.Q,-6.03623660596503,0,0.662210234253979,7.846223116859849e-20,1.64007269150795e-17,1.5692446233719698e-19,2.49170598981361e-17,NA,prevalence,63,50,~ leachate * hpf + reads + (1|spawn_night)
d__Bacteria;p__Proteobacteria;c__Alphaproteobacteria;o__Rhodospirillales;f__Terasakiellaceae;g__Terasakiella;s__uncultured_bacterium,leachate,.C:hpf,leachate.C:hpf,4.36563485266465,0,0.480792586794409,1.0849569718575998e-19,2.20817295272281e-17,2.16991394371521e-19,3.35480116298075e-17,NA,prevalence,63,56,~ leachate * hpf + reads + (1|spawn_night)
d__Bacteria;p__Patescibacteria;c__Gracilibacteria;o__JGI_0000069-P22;f__JGI_0000069-P22;g__JGI_0000069-P22;__,leachate,.L:hpf,leachate.L:hpf,5.80074906790823,0,0.658554006921218,1.27044577742735e-18,2.51939170323669e-16,2.54089155485471e-18,3.82762509865934e-16,NA,prevalence,63,53,~ leachate * hpf + reads + (1|spawn_night)
d__Bacteria;p__Proteobacteria;c__Gammaproteobacteria;o__Burkholderiales;f__Neisseriaceae;g__uncultured;s__uncultured_bacterium,leachate,.C,leachate.C,6.71782809351635,0,0.774538431030817,4.1966023018052296e-18,8.114130550540419e-16,8.3932046036105e-18,1.2327519261552902e-15,NA,prevalence,63,50,~ leachate * hpf + reads + (1|spawn_night)
d__Bacteria;p__Proteobacteria;c__Alphaproteobacteria;o__Rhodobacterales;f__Rhodobacteraceae;g__Sulfitobacter;__,leachate,.C:hpf,leachate.C:hpf,-5.04470851937971,0,0.600066476198344,4.2093196357898e-17,7.94021416175568e-15,8.41863927157964e-17,1.20632940781781e-14,NA,prevalence,63,59,~ leachate * hpf + reads + (1|spawn_night)
d__Bacteria;p__Proteobacteria;c__Gammaproteobacteria;o__Oceanospirillales;f__Nitrincolaceae;g__Pontibacterium;s__uncultured_bacterium,leachate,.Q:hpf,leachate.Q:hpf,4.11422248654486,0,0.49282125031171,6.92491093274903e-17,1.27517288461621e-14,1.3849821865498e-16,1.9373262728524e-14,NA,prevalence,63,55,~ leachate * hpf + reads + (1|spawn_night)
d__Bacteria;p__Patescibacteria;c__Gracilibacteria;o__JGI_0000069-P22;f__JGI_0000069-P22;g__JGI_0000069-P22;__,leachate,.L,leachate.L,6.31477492989126,0,0.761071011443081,1.0657436068164001e-16,1.91685140816699e-14,2.1314872136328001e-16,2.91220636746342e-14,NA,prevalence,63,53,~ leachate * hpf + reads + (1|spawn_night)
d__Bacteria;p__Proteobacteria;c__Gammaproteobacteria;o__Burkholderiales;f__Neisseriaceae;g__uncultured;s__uncultured_bacterium,leachate,.C:hpf,leachate.C:hpf,5.6732126478569,0,0.699218594067837,4.91228216954345e-16,8.25904136940197e-14,9.82456433908689e-16,1.2547677280899e-13,NA,prevalence,63,50,~ leachate * hpf + reads + (1|spawn_night)
d__Bacteria;p__Proteobacteria;c__Alphaproteobacteria;o__SAR11_clade;f__Clade_II;g__Clade_II;__,leachate,.Q:hpf,leachate.Q:hpf,4.67660602905367,0,0.598228961246664,5.391770096327121e-15,8.68748956770706e-13,1.07835401926542e-14,1.3198603881633999e-12,NA,prevalence,63,53,~ leachate * hpf + reads + (1|spawn_night)
d__Bacteria;p__Proteobacteria;c__Gammaproteobacteria;o__Alteromonadales;f__Colwelliaceae;g__Thalassotalea;s__Thalassotalea_loyana,leachate,.L:hpf,leachate.L:hpf,1.87051823366873,0,0.246145455402431,2.97876366314689e-14,4.60755163415561e-12,5.95752732629369e-14,7.00009460839509e-12,NA,prevalence,63,51,~ leachate * hpf + reads + (1|spawn_night)
d__Bacteria;p__Proteobacteria;c__Gammaproteobacteria;o__Oceanospirillales;f__Nitrincolaceae;g__Pontibacterium;s__uncultured_bacterium,leachate,.Q,leachate.Q,-4.01491859164167,0,0.557665464215838,6.04289231830349e-13,8.65476466477022e-11,1.20857846366033e-12,1.29098154072808e-10,NA,prevalence,63,55,~ leachate * hpf + reads + (1|spawn_night)
d__Bacteria;p__Proteobacteria;c__Alphaproteobacteria;o__SAR11_clade;f__Clade_II;g__Clade_II;__,leachate,.C:hpf,leachate.C:hpf,4.93328098288919,0,0.711489953794039,4.09879515844957e-12,5.56141785183316e-10,8.19759031688233e-12,8.303593639945471e-10,NA,prevalence,63,53,~ leachate * hpf + reads + (1|spawn_night)
d__Bacteria;p__Proteobacteria;c__Alphaproteobacteria;o__SAR11_clade;f__Clade_II;g__Clade_II;__,leachate,.Q,leachate.Q,-3.56866126954896,0,0.525763084176093,1.1402661363161098e-11,1.4947149658082702e-9,2.2805322726192097e-11,2.19641427895703e-9,NA,prevalence,63,53,~ leachate * hpf + reads + (1|spawn_night)
d__Bacteria;p__Proteobacteria;c__Gammaproteobacteria;o__Alteromonadales;f__Pseudoalteromonadaceae;g__Psychrosphaera;s__uncultured_bacterium,leachate,.Q:hpf,leachate.Q:hpf,-7.28928169173528,0,1.08711444749842,2.01178982246238e-11,2.5095455624071e-9,4.0235796448842693e-11,3.7521476847135106e-9,NA,prevalence,63,53,~ leachate * hpf + reads + (1|spawn_night)
d__Bacteria;p__Patescibacteria;c__Gracilibacteria;o__JGI_0000069-P22;f__JGI_0000069-P22;g__JGI_0000069-P22;__,leachate,.Q,leachate.Q,4.27605737887126,0,0.643083441851175,2.94481968534133e-11,3.55863053850466e-9,5.88963937059593e-11,5.40650489097673e-9,NA,prevalence,63,53,~ leachate * hpf + reads + (1|spawn_night)
d__Bacteria;p__Proteobacteria;c__Gammaproteobacteria;o__Nitrosococcales;f__Methylophagaceae;g__Marine_Methylotrophic_Group_3;s__uncultured_bacterium,leachate,.L,leachate.L,3.44142342910717,-0.0795705764725886,0.355540627333984,6.335346554052789e-11,7.5380877306222e-9,6.335346554052789e-11,5.7261786161631e-9,NA,abundance,63,44,~ leachate * hpf + reads + (1|spawn_night)
d__Bacteria;p__Proteobacteria;c__Gammaproteobacteria;o__Oceanospirillales;f__Oleiphilaceae;g__Oleiphilus;s__Oleiphilus_sp.,leachate,.C:hpf,leachate.C:hpf,5.93526794289809,0,0.910154122936149,6.976199205642779e-11,8.17483706915777e-9,1.39523984107989e-10,1.24197485853702e-8,NA,prevalence,63,54,~ leachate * hpf + reads + (1|spawn_night)
d__Bacteria;p__Proteobacteria;c__Gammaproteobacteria;o__Burkholderiales;f__Neisseriaceae;g__uncultured;s__uncultured_bacterium,leachate,.Q:hpf,leachate.Q:hpf,-3.91460446211357,0,0.610278063643305,1.41322533744889e-10,1.63132608355668e-8,2.82645067469806e-10,2.47841756923151e-8,NA,prevalence,63,50,~ leachate * hpf + reads + (1|spawn_night)
d__Bacteria;p__Proteobacteria;c__Gammaproteobacteria;o__Alteromonadales;f__Colwelliaceae;g__Thalassotalea;s__Thalassotalea_loyana,leachate,.Q:hpf,leachate.Q:hpf,4.16950599440316,0,0.65589283032921,2.05741643727765e-10,2.34000863616255e-8,4.114832874132e-10,3.55509457875375e-8,NA,prevalence,63,51,~ leachate * hpf + reads + (1|spawn_night)
d__Bacteria;p__Proteobacteria;c__Alphaproteobacteria;o__Rhodobacterales;f__Rhodobacteraceae;g__Sulfitobacter;__,leachate,.L:hpf,leachate.L:hpf,2.89949196143577,0,0.479438279712849,1.4694138258930502e-9,1.60062627175449e-7,2.9388276496269204e-9,2.39800172799419e-7,NA,prevalence,63,59,~ leachate * hpf + reads + (1|spawn_night)
d__Bacteria;p__Proteobacteria;c__Alphaproteobacteria;o__Rhodobacterales;f__Rhodobacteraceae;g__Tropicibacter;s__Tropicibacter_phthalicicus,leachate,.Q,leachate.Q,-1.43739032014327,0,0.249027598958172,7.83304791002623e-9,7.97115691265038e-7,1.56660957586958e-8,1.19530276080958e-6,NA,prevalence,63,52,~ leachate * hpf + reads + (1|spawn_night)
d__Bacteria;p__Proteobacteria;c__Gammaproteobacteria;o__Nitrosococcales;f__Methylophagaceae;g__Marine_Methylotrophic_Group_3;s__uncultured_bacterium,leachate,.Q,leachate.Q,-2.86949612345123,-0.211502080169275,0.33550439560538,9.36290108484472e-9,9.40424376495961e-7,9.36290108484472e-9,7.23776893071878e-7,NA,abundance,63,44,~ leachate * hpf + reads + (1|spawn_night)
d__Bacteria;p__Patescibacteria;c__Gracilibacteria;o__JGI_0000069-P22;f__JGI_0000069-P22;g__JGI_0000069-P22;__,leachate,.Q:hpf,leachate.Q:hpf,3.26627091575887,0,0.611351874759657,9.15712102977266e-8,8.63672854198314e-6,1.83142412210166e-7,1.29633936353582e-5,NA,prevalence,63,53,~ leachate * hpf + reads + (1|spawn_night)
d__Bacteria;p__Proteobacteria;c__Alphaproteobacteria;o__Rhodobacterales;f__Rhodobacteraceae;g__Sulfitobacter;__,leachate,.C,leachate.C,-2.90340496384945,0,0.549664223263921,1.2768155574506e-7,1.14824320015383e-5,2.5536309518754e-7,1.74448626072883e-5,NA,prevalence,63,59,~ leachate * hpf + reads + (1|spawn_night)
d__Bacteria;p__Proteobacteria;c__Alphaproteobacteria;o__Rhodobacterales;f__Rhodobacteraceae;g__Sulfitobacter;__,leachate,.Q:hpf,leachate.Q:hpf,-1.84366047004791,0,0.373026926250715,7.715375129711e-7,6.5572210168335e-5,1.54307443067207e-6,1.0072846977998e-4,NA,prevalence,63,59,~ leachate * hpf + reads + (1|spawn_night)
d__Bacteria;p__Proteobacteria;c__Gammaproteobacteria;o__Oceanospirillales;f__Nitrincolaceae;g__Pontibacterium;s__uncultured_bacterium,leachate,.C:hpf,leachate.C:hpf,4.85559355753235,0,1.05075668522503,3.81812584927557e-6,3.0759776373226e-4,7.63623712046613e-6,4.6732180294519e-4,NA,prevalence,63,55,~ leachate * hpf + reads + (1|spawn_night)
d__Bacteria;p__Bacteroidota;c__Bacteroidia;o__Flavobacteriales;f__Flavobacteriaceae;g__Leeuwenhoekiella;__,leachate,.Q,leachate.Q,1.52234619384235,-0.211502080169275,0.354683797496967,3.08098872291446e-5,0.00224795913047363,3.08098872291446e-5,0.00175736007253616,NA,abundance,63,55,~ leachate * hpf + reads + (1|spawn_night)
d__Bacteria;p__Proteobacteria;c__Gammaproteobacteria;o__Burkholderiales;f__Neisseriaceae;g__uncultured;s__uncultured_bacterium,leachate,.L,leachate.L,-2.17144281405466,0,0.538935649360943,5.59832034499647e-5,0.00390066752686511,1.1196327278086e-4,0.00587307346060319,NA,prevalence,63,50,~ leachate * hpf + reads + (1|spawn_night)
d__Bacteria;p__Proteobacteria;c__Gammaproteobacteria;o__Burkholderiales;f__Neisseriaceae;g__uncultured;s__uncultured_bacterium,leachate,.L:hpf,leachate.L:hpf,-1.95175065630068,0,0.511341745953078,1.3512783208196e-4,0.00885659875696513,2.7023740463291e-4,0.0135696132668239,NA,prevalence,63,50,~ leachate * hpf + reads + (1|spawn_night)
d__Bacteria;p__Proteobacteria;c__Alphaproteobacteria;o__Rhodobacterales;f__Rhodobacteraceae;g__Cognatishimia;s__uncultured_bacterium,leachate,.L,leachate.L,-1.12402364642002,-0.0795705764725886,0.227517209785346,2.6004729153877e-4,0.0162194012319429,5.2002695848372e-4,0.0246383740410634,NA,abundance,63,61,~ leachate * hpf + reads + (1|spawn_night)
d__Bacteria;p__Proteobacteria;c__Gammaproteobacteria;o__Nitrosococcales;f__Methylophagaceae;g__Marine_Methylotrophic_Group_3;s__uncultured_bacterium,leachate,.L:hpf,leachate.L:hpf,1.4837775879644,-0.0659665977585079,0.357122178524683,2.6232352085831e-4,0.0162304808825457,5.2457822808703e-4,0.0246551767200906,NA,abundance,63,44,~ leachate * hpf + reads + (1|spawn_night)
d__Bacteria;p__Proteobacteria;c__Gammaproteobacteria;o__Nitrosococcales;f__Methylophagaceae;g__Marine_Methylotrophic_Group_3;s__uncultured_bacterium,leachate,.C,leachate.C,1.12001968889306,-0.184272459007219,0.315733870610359,3.0303117187431e-4,0.0186003419307616,6.059705158575e-4,0.0282545776243082,NA,abundance,63,44,~ leachate * hpf + reads + (1|spawn_night)
d__Bacteria;p__Patescibacteria;c__Gracilibacteria;o__JGI_0000069-P22;f__JGI_0000069-P22;g__JGI_0000069-P22;__,leachate,.C,leachate.C,2.30873275444774,0,0.644354996401664,3.3965283766983e-4,0.0206085452869257,6.7919031128953e-4,0.0308229060682701,NA,prevalence,63,53,~ leachate * hpf + reads + (1|spawn_night)
d__Bacteria;p__Proteobacteria;c__Gammaproteobacteria;o__Oceanospirillales;f__Nitrincolaceae;g__Pontibacterium;s__uncultured_bacterium,leachate,.L:hpf,leachate.L:hpf,-2.46426971640881,0,0.721074001939595,6.3199314717307e-4,0.0356776277389527,0.00126358687900807,0.0537940066244376,NA,prevalence,63,55,~ leachate * hpf + reads + (1|spawn_night)
d__Bacteria;p__Proteobacteria;c__Alphaproteobacteria;o__Rhodobacterales;f__Rhodobacteraceae;g__Sulfitobacter;__,leachate,.Q,leachate.Q,1.57957614899979,0,0.485817042168382,0.00114845967247929,0.06118797696727,0.00229560038533926,0.0943122535934836,NA,prevalence,63,59,~ leachate * hpf + reads + (1|spawn_night)
d__Bacteria;p__Proteobacteria;c__Gammaproteobacteria;o__Burkholderiales;f__Neisseriaceae;g__uncultured;s__uncultured_bacterium,leachate,.L,leachate.L,-1.17623089143007,-0.0795705764725886,0.398575381348967,0.0129360634640265,0.474158838060573,1.1196327278086e-4,0.00587307346060319,NA,abundance,63,50,~ leachate * hpf + reads + (1|spawn_night)
d__Bacteria;p__Proteobacteria;c__Gammaproteobacteria;o__Alteromonadales;f__Colwelliaceae;g__Thalassotalea;s__Thalassotalea_loyana,leachate,.L,leachate.L,0.706018089957805,-0.0795705764725886,0.291684560654071,0.019408757501732,0.58635675983748,2.2893050035915502e-73,6.11348495277289e-71,NA,abundance,63,51,~ leachate * hpf + reads + (1|spawn_night)
d__Bacteria;p__Bacteroidota;c__Bacteroidia;o__Flavobacteriales;f__Flavobacteriaceae;g__Aquibacter;__,leachate,.C,leachate.C,0.0273121559645905,-0.184272459007219,0.337906120274579,0.544293818050581,1,2.80260027153165e-293,1.37210638293737e-293,NA,abundance,63,47,~ leachate * hpf + reads + (1|spawn_night)
d__Bacteria;p__Bacteroidota;c__Bacteroidia;o__Flavobacteriales;f__Flavobacteriaceae;g__Aquibacter;__,leachate,.C:hpf,leachate.C:hpf,0.0282750666400021,-0.144529223533589,0.361820813720582,0.639060285680631,1,1.1449767301132698e-89,3.3633691447077396e-87,NA,abundance,63,47,~ leachate * hpf + reads + (1|spawn_night)
d__Bacteria;p__Bacteroidota;c__Bacteroidia;o__Flavobacteriales;f__Flavobacteriaceae;g__Aquibacter;__,leachate,.L,leachate.L,-0.801403428372218,-0.0795705764725886,0.366297516459541,0.0727874108712701,1,3.30486308625529e-37,7.191137271018459e-35,NA,abundance,63,47,~ leachate * hpf + reads + (1|spawn_night)
d__Bacteria;p__Bacteroidota;c__Bacteroidia;o__Flavobacteriales;f__Flavobacteriaceae;g__Aquibacter;__,leachate,.L:hpf,leachate.L:hpf,-0.0290176751674617,-0.0659665977585079,0.392376307631285,0.929188757749045,1,4.1369114118590894e-184,1.7360253246194397e-181,NA,abundance,63,47,~ leachate * hpf + reads + (1|spawn_night)
d__Bacteria;p__Bacteroidota;c__Bacteroidia;o__Flavobacteriales;f__Flavobacteriaceae;g__Aquibacter;__,leachate,.Q,leachate.Q,0.111948902070221,-0.211502080169275,0.354153924686253,0.389767734321499,1,0,0,NA,abundance,63,47,~ leachate * hpf + reads + (1|spawn_night)
d__Bacteria;p__Bacteroidota;c__Bacteroidia;o__Flavobacteriales;f__Flavobacteriaceae;g__Aquibacter;__,leachate,.Q:hpf,leachate.Q:hpf,0.266807017276371,-0.0543948790491015,0.373337800597608,0.405931920345792,1,1.43850826565253e-36,3.0182985931102197e-34,NA,abundance,63,47,~ leachate * hpf + reads + (1|spawn_night)
d__Bacteria;p__Patescibacteria;c__Gracilibacteria;o__JGI_0000069-P22;f__JGI_0000069-P22;g__JGI_0000069-P22;__,leachate,.C,leachate.C,0.2160805140878,-0.184272459007219,0.447399198917001,0.381331999184402,1,6.7919031128953e-4,0.0308229060682701,NA,abundance,63,53,~ leachate * hpf + reads + (1|spawn_night)
d__Bacteria;p__Patescibacteria;c__Gracilibacteria;o__JGI_0000069-P22;f__JGI_0000069-P22;g__JGI_0000069-P22;__,leachate,.L,leachate.L,-0.411309059413148,-0.0795705764725886,0.439380775214745,0.473079048442226,1,2.1314872136328001e-16,2.91220636746342e-14,NA,abundance,63,53,~ leachate * hpf + reads + (1|spawn_night)
d__Bacteria;p__Patescibacteria;c__Gracilibacteria;o__JGI_0000069-P22;f__JGI_0000069-P22;g__JGI_0000069-P22;__,leachate,.L:hpf,leachate.L:hpf,-0.196455674310856,-0.0659665977585079,0.452483387460535,0.782791659022016,1,2.54089155485471e-18,3.82762509865934e-16,NA,abundance,63,53,~ leachate * hpf + reads + (1|spawn_night)
d__Bacteria;p__Patescibacteria;c__Gracilibacteria;o__JGI_0000069-P22;f__JGI_0000069-P22;g__JGI_0000069-P22;__,leachate,.Q,leachate.Q,-0.240210977215085,-0.211502080169275,0.438905795905412,0.949620153975536,1,5.88963937059593e-11,5.40650489097673e-9,NA,abundance,63,53,~ leachate * hpf + reads + (1|spawn_night)
d__Bacteria;p__Patescibacteria;c__Gracilibacteria;o__JGI_0000069-P22;f__JGI_0000069-P22;g__JGI_0000069-P22;__,leachate,.Q:hpf,leachate.Q:hpf,-0.371038043283165,-0.0543948790491015,0.459512100997778,0.500994886886574,1,1.83142412210166e-7,1.29633936353582e-5,NA,abundance,63,53,~ leachate * hpf + reads + (1|spawn_night)
d__Bacteria;p__Proteobacteria;c__Alphaproteobacteria;o__Rhodobacterales;f__Rhodobacteraceae;g__Sulfitobacter;__,leachate,.C,leachate.C,0.164734742245591,-0.184272459007219,0.270035767471498,0.219129126409721,1,2.5536309518754e-7,1.74448626072883e-5,NA,abundance,63,59,~ leachate * hpf + reads + (1|spawn_night)
d__Bacteria;p__Proteobacteria;c__Alphaproteobacteria;o__Rhodobacterales;f__Rhodobacteraceae;g__Sulfitobacter;__,leachate,.C:hpf,leachate.C:hpf,0.181331373379016,-0.144529223533589,0.268479287224841,0.240532094469422,1,8.41863927157964e-17,1.20632940781781e-14,NA,abundance,63,59,~ leachate * hpf + reads + (1|spawn_night)
d__Bacteria;p__Proteobacteria;c__Alphaproteobacteria;o__Rhodobacterales;f__Rhodobacteraceae;g__Sulfitobacter;__,leachate,.L,leachate.L,-0.0309686044593202,-0.0795705764725886,0.26478752269225,0.870532908840997,1,2.6453119452067092e-107,9.14188686946435e-105,NA,abundance,63,59,~ leachate * hpf + reads + (1|spawn_night)
d__Bacteria;p__Proteobacteria;c__Alphaproteobacteria;o__Rhodobacterales;f__Rhodobacteraceae;g__Sulfitobacter;__,leachate,.L:hpf,leachate.L:hpf,-0.191366561657841,-0.0659665977585079,0.26290990361735,0.671738791646203,1,2.9388276496269204e-9,2.39800172799419e-7,NA,abundance,63,59,~ leachate * hpf + reads + (1|spawn_night)
d__Bacteria;p__Proteobacteria;c__Alphaproteobacteria;o__Rhodobacterales;f__Rhodobacteraceae;g__Sulfitobacter;__,leachate,.Q,leachate.Q,0.30523672825343,-0.211502080169275,0.264459606683769,0.0790892631380776,1,0.00229560038533926,0.0943122535934836,NA,abundance,63,59,~ leachate * hpf + reads + (1|spawn_night)
d__Bacteria;p__Proteobacteria;c__Alphaproteobacteria;o__Rhodobacterales;f__Rhodobacteraceae;g__Sulfitobacter;__,leachate,.Q:hpf,leachate.Q:hpf,-0.137352552635839,-0.0543948790491015,0.271490238132444,0.771380548683289,1,1.54307443067207e-6,1.0072846977998e-4,NA,abundance,63,59,~ leachate * hpf + reads + (1|spawn_night)
d__Bacteria;p__Proteobacteria;c__Alphaproteobacteria;o__Rhodobacterales;f__Rhodobacteraceae;g__Tropicibacter;s__Tropicibacter_phthalicicus,leachate,.C,leachate.C,0.184157275489473,-0.184272459007219,0.286567399124534,0.220262105305657,1,2.92341790407457e-47,6.60580007170697e-45,NA,abundance,63,52,~ leachate * hpf + reads + (1|spawn_night)
d__Bacteria;p__Proteobacteria;c__Alphaproteobacteria;o__Rhodobacterales;f__Rhodobacteraceae;g__Tropicibacter;s__Tropicibacter_phthalicicus,leachate,.C:hpf,leachate.C:hpf,-0.237576831953348,-0.144529223533589,0.293901775513725,0.75658448154555,1,2.02109109299462e-23,3.49232652098336e-21,NA,abundance,63,52,~ leachate * hpf + reads + (1|spawn_night)
d__Bacteria;p__Proteobacteria;c__Alphaproteobacteria;o__Rhodobacterales;f__Rhodobacteraceae;g__Tropicibacter;s__Tropicibacter_phthalicicus,leachate,.L,leachate.L,-0.451040283849194,-0.0795705764725886,0.293498826792215,0.25586012791296,1,0,0,NA,abundance,63,52,~ leachate * hpf + reads + (1|spawn_night)
d__Bacteria;p__Proteobacteria;c__Alphaproteobacteria;o__Rhodobacterales;f__Rhodobacteraceae;g__Tropicibacter;s__Tropicibacter_phthalicicus,leachate,.L:hpf,leachate.L:hpf,-0.179547702158569,-0.0659665977585079,0.300281204117713,0.730650203107903,1,4.51399442089194e-163,1.7679811481826797e-160,NA,abundance,63,52,~ leachate * hpf + reads + (1|spawn_night)
d__Bacteria;p__Proteobacteria;c__Alphaproteobacteria;o__Rhodobacterales;f__Rhodobacteraceae;g__Tropicibacter;s__Tropicibacter_phthalicicus,leachate,.Q,leachate.Q,-0.137319797400627,-0.211502080169275,0.290280789181229,0.81217734921299,1,1.56660957586958e-8,1.19530276080958e-6,NA,abundance,63,52,~ leachate * hpf + reads + (1|spawn_night)
d__Bacteria;p__Proteobacteria;c__Alphaproteobacteria;o__Rhodospirillales;f__Terasakiellaceae;g__Terasakiella;s__uncultured_bacterium,leachate,.C,leachate.C,-0.174625816738847,-0.184272459007219,0.325764537589325,0.977034340992798,1,1.37996469771408e-23,2.45675533305159e-21,NA,abundance,63,56,~ leachate * hpf + reads + (1|spawn_night)
d__Bacteria;p__Proteobacteria;c__Alphaproteobacteria;o__Rhodospirillales;f__Terasakiellaceae;g__Terasakiella;s__uncultured_bacterium,leachate,.C:hpf,leachate.C:hpf,-0.585381902544986,-0.144529223533589,0.326133776202422,0.189782096186826,1,2.16991394371521e-19,3.35480116298075e-17,NA,abundance,63,56,~ leachate * hpf + reads + (1|spawn_night)
d__Bacteria;p__Proteobacteria;c__Alphaproteobacteria;o__Rhodospirillales;f__Terasakiellaceae;g__Terasakiella;s__uncultured_bacterium,leachate,.L,leachate.L,-0.443650650555405,-0.0795705764725886,0.329083782240672,0.31009704957498,1,1.1675663334878899e-120,4.287157630775849e-118,NA,abundance,63,56,~ leachate * hpf + reads + (1|spawn_night)
d__Bacteria;p__Proteobacteria;c__Alphaproteobacteria;o__Rhodospirillales;f__Terasakiellaceae;g__Terasakiella;s__uncultured_bacterium,leachate,.L:hpf,leachate.L:hpf,0.495460238906715,-0.0659665977585079,0.326827521297623,0.119488533699592,1,5.33926418066383e-70,1.3638337852782601e-67,NA,abundance,63,56,~ leachate * hpf + reads + (1|spawn_night)
d__Bacteria;p__Proteobacteria;c__Alphaproteobacteria;o__SAR11_clade;f__Clade_II;g__Clade_II;__,leachate,.C,leachate.C,-0.248417817670633,-0.184272459007219,0.364882749951052,0.863744727440197,1,1.89961306348902e-22,3.18863621371372e-20,NA,abundance,63,53,~ leachate * hpf + reads + (1|spawn_night)
d__Bacteria;p__Proteobacteria;c__Alphaproteobacteria;o__SAR11_clade;f__Clade_II;g__Clade_II;__,leachate,.C:hpf,leachate.C:hpf,-0.177988507503637,-0.144529223533589,0.375149186677544,0.929821383042826,1,8.19759031688233e-12,8.303593639945471e-10,NA,abundance,63,53,~ leachate * hpf + reads + (1|spawn_night)
d__Bacteria;p__Proteobacteria;c__Alphaproteobacteria;o__SAR11_clade;f__Clade_II;g__Clade_II;__,leachate,.Q,leachate.Q,-0.383518841895886,-0.211502080169275,0.346667705014992,0.638647407014826,1,2.2805322726192097e-11,2.19641427895703e-9,NA,abundance,63,53,~ leachate * hpf + reads + (1|spawn_night)
d__Bacteria;p__Proteobacteria;c__Alphaproteobacteria;o__SAR11_clade;f__Clade_II;g__Clade_II;__,leachate,.Q:hpf,leachate.Q:hpf,0.0887915313018287,-0.0543948790491015,0.359451750957683,0.699254675714417,1,1.07835401926542e-14,1.3198603881633999e-12,NA,abundance,63,53,~ leachate * hpf + reads + (1|spawn_night)
d__Bacteria;p__Proteobacteria;c__Gammaproteobacteria;o__Alteromonadales;f__Colwelliaceae;g__Thalassotalea;s__Thalassotalea_loyana,leachate,.C,leachate.C,0.071269767019851,-0.184272459007219,0.288356722834552,0.396061624084799,1,2.27866564349776e-185,1.0297815888884098e-182,NA,abundance,63,51,~ leachate * hpf + reads + (1|spawn_night)
d__Bacteria;p__Proteobacteria;c__Gammaproteobacteria;o__Alteromonadales;f__Colwelliaceae;g__Thalassotalea;s__Thalassotalea_loyana,leachate,.C:hpf,leachate.C:hpf,-0.33024968408766,-0.144529223533589,0.296784481333277,0.541485537348467,1,3.13308654915229e-61,7.66953478177903e-59,NA,abundance,63,51,~ leachate * hpf + reads + (1|spawn_night)
d__Bacteria;p__Proteobacteria;c__Gammaproteobacteria;o__Alteromonadales;f__Colwelliaceae;g__Thalassotalea;s__Thalassotalea_loyana,leachate,.L:hpf,leachate.L:hpf,-0.162735999681009,-0.0659665977585079,0.306464255582003,0.772813011741768,1,5.95752732629369e-14,7.00009460839509e-12,NA,abundance,63,51,~ leachate * hpf + reads + (1|spawn_night)
d__Bacteria;p__Proteobacteria;c__Gammaproteobacteria;o__Alteromonadales;f__Colwelliaceae;g__Thalassotalea;s__Thalassotalea_loyana,leachate,.Q,leachate.Q,0.0967201753317223,-0.211502080169275,0.286710691562733,0.322394583548539,1,8.039521312235049e-97,2.4859046162832e-94,NA,abundance,63,51,~ leachate * hpf + reads + (1|spawn_night)
d__Bacteria;p__Proteobacteria;c__Gammaproteobacteria;o__Alteromonadales;f__Colwelliaceae;g__Thalassotalea;s__Thalassotalea_loyana,leachate,.Q:hpf,leachate.Q:hpf,-0.131736596173196,-0.0543948790491015,0.306473117486606,0.80871978807601,1,4.114832874132e-10,3.55509457875375e-8,NA,abundance,63,51,~ leachate * hpf + reads + (1|spawn_night)
d__Bacteria;p__Proteobacteria;c__Gammaproteobacteria;o__Alteromonadales;f__Pseudoalteromonadaceae;g__Psychrosphaera;s__uncultured_bacterium,leachate,.Q,leachate.Q,-0.92963253324526,-0.211502080169275,0.504908446385576,0.172438304058266,1,0,0,NA,abundance,63,53,~ leachate * hpf + reads + (1|spawn_night)
d__Bacteria;p__Proteobacteria;c__Gammaproteobacteria;o__Alteromonadales;f__Pseudoalteromonadaceae;g__Psychrosphaera;s__uncultured_bacterium,leachate,.Q:hpf,leachate.Q:hpf,0.387630485250342,-0.0543948790491015,0.520365954591924,0.40572231262268,1,4.0235796448842693e-11,3.7521476847135106e-9,NA,abundance,63,53,~ leachate * hpf + reads + (1|spawn_night)
d__Bacteria;p__Proteobacteria;c__Gammaproteobacteria;o__Burkholderiales;f__Neisseriaceae;g__uncultured;s__uncultured_bacterium,leachate,.C,leachate.C,-0.814675044354861,-0.184272459007219,0.363279436711235,0.097998694988203,1,8.3932046036105e-18,1.2327519261552902e-15,NA,abundance,63,50,~ leachate * hpf + reads + (1|spawn_night)
d__Bacteria;p__Proteobacteria;c__Gammaproteobacteria;o__Burkholderiales;f__Neisseriaceae;g__uncultured;s__uncultured_bacterium,leachate,.C:hpf,leachate.C:hpf,-0.465482164370841,-0.144529223533589,0.375420871131871,0.401830493574737,1,9.82456433908689e-16,1.2547677280899e-13,NA,abundance,63,50,~ leachate * hpf + reads + (1|spawn_night)
d__Bacteria;p__Proteobacteria;c__Gammaproteobacteria;o__Burkholderiales;f__Neisseriaceae;g__uncultured;s__uncultured_bacterium,leachate,.L:hpf,leachate.L:hpf,-0.0282928680868614,-0.0659665977585079,0.38638640278617,0.926732299048541,1,2.7023740463291e-4,0.0135696132668239,NA,abundance,63,50,~ leachate * hpf + reads + (1|spawn_night)
d__Bacteria;p__Proteobacteria;c__Gammaproteobacteria;o__Burkholderiales;f__Neisseriaceae;g__uncultured;s__uncultured_bacterium,leachate,.Q,leachate.Q,-0.437630548584114,-0.211502080169275,0.374560069523333,0.56513207331306,1,1.5692446233719698e-19,2.49170598981361e-17,NA,abundance,63,50,~ leachate * hpf + reads + (1|spawn_night)
d__Bacteria;p__Proteobacteria;c__Gammaproteobacteria;o__Burkholderiales;f__Neisseriaceae;g__uncultured;s__uncultured_bacterium,leachate,.Q:hpf,leachate.Q:hpf,0.502008899208378,-0.0543948790491015,0.384723378592529,0.166480227603927,1,2.82645067469806e-10,2.47841756923151e-8,NA,abundance,63,50,~ leachate * hpf + reads + (1|spawn_night)
d__Bacteria;p__Proteobacteria;c__Gammaproteobacteria;o__Oceanospirillales;f__Nitrincolaceae;g__Pontibacterium;s__uncultured_bacterium,leachate,.C,leachate.C,-0.501288783560208,-0.184272459007219,0.483342700342132,0.519227327338335,1,3.0395509654091197e-30,5.76043932960598e-28,NA,abundance,63,55,~ leachate * hpf + reads + (1|spawn_night)
d__Bacteria;p__Proteobacteria;c__Gammaproteobacteria;o__Oceanospirillales;f__Nitrincolaceae;g__Pontibacterium;s__uncultured_bacterium,leachate,.C:hpf,leachate.C:hpf,-0.219799562420154,-0.144529223533589,0.486020724039893,0.877995669107021,1,7.63623712046613e-6,4.6732180294519e-4,NA,abundance,63,55,~ leachate * hpf + reads + (1|spawn_night)
d__Bacteria;p__Proteobacteria;c__Gammaproteobacteria;o__Oceanospirillales;f__Nitrincolaceae;g__Pontibacterium;s__uncultured_bacterium,leachate,.L:hpf,leachate.L:hpf,0.242792896486873,-0.0659665977585079,0.477474348776259,0.53581668906456,1,0.00126358687900807,0.0537940066244376,NA,abundance,63,55,~ leachate * hpf + reads + (1|spawn_night)
d__Bacteria;p__Proteobacteria;c__Gammaproteobacteria;o__Oceanospirillales;f__Nitrincolaceae;g__Pontibacterium;s__uncultured_bacterium,leachate,.Q,leachate.Q,-0.765811585259816,-0.211502080169275,0.470907744865448,0.258184302797324,1,1.20857846366033e-12,1.29098154072808e-10,NA,abundance,63,55,~ leachate * hpf + reads + (1|spawn_night)
d__Bacteria;p__Proteobacteria;c__Gammaproteobacteria;o__Oceanospirillales;f__Nitrincolaceae;g__Pontibacterium;s__uncultured_bacterium,leachate,.Q:hpf,leachate.Q:hpf,-0.22039628996665,-0.0543948790491015,0.485000327753173,0.736641622828651,1,1.3849821865498e-16,1.9373262728524e-14,NA,abundance,63,55,~ leachate * hpf + reads + (1|spawn_night)
d__Bacteria;p__Proteobacteria;c__Gammaproteobacteria;o__Oceanospirillales;f__Oleiphilaceae;g__Oleiphilus;s__Oleiphilus_sp.,leachate,.C:hpf,leachate.C:hpf,-0.480899159066231,-0.144529223533589,0.525506907902439,0.526563460881611,1,1.39523984107989e-10,1.24197485853702e-8,NA,abundance,63,54,~ leachate * hpf + reads + (1|spawn_night)
d__Bacteria;p__Proteobacteria;c__Gammaproteobacteria;o__Oceanospirillales;f__Oleiphilaceae;g__Oleiphilus;s__Oleiphilus_sp.,leachate,.Q,leachate.Q,-0.616568766307858,-0.211502080169275,0.542141421084566,0.468048539999942,1,2.0712854296844497e-30,4.05626729979871e-28,NA,abundance,63,54,~ leachate * hpf + reads + (1|spawn_night)
d__Bacteria;p__Proteobacteria;c__Alphaproteobacteria;o__Rhodobacterales;f__Rhodobacteraceae;g__Cognatishimia;s__uncultured_bacterium,leachate,.L,leachate.L,-3.62077524424745,0,2435228.85892961,0.999998813680014,1,5.2002695848372e-4,0.0246383740410634,NA,prevalence,63,61,~ leachate * hpf + reads + (1|spawn_night)
d__Bacteria;p__Proteobacteria;c__Gammaproteobacteria;o__Nitrosococcales;f__Methylophagaceae;g__Marine_Methylotrophic_Group_3;s__uncultured_bacterium,leachate,.C,leachate.C,2.70141201299787,0,2.17615180548783,0.214468681258093,1,6.059705158575e-4,0.0282545776243082,NA,prevalence,63,44,~ leachate * hpf + reads + (1|spawn_night)
d__Bacteria;p__Proteobacteria;c__Gammaproteobacteria;o__Nitrosococcales;f__Methylophagaceae;g__Marine_Methylotrophic_Group_3;s__uncultured_bacterium,leachate,.L:hpf,leachate.L:hpf,-2.35701191234397,0,1.50247217728881,0.116704855749054,1,5.2457822808703e-4,0.0246551767200906,NA,prevalence,63,44,~ leachate * hpf + reads + (1|spawn_night)
d__Bacteria;p__Proteobacteria;c__Gammaproteobacteria;o__Nitrosococcales;f__Methylophagaceae;g__Marine_Methylotrophic_Group_3;s__uncultured_bacterium,leachate,.L,leachate.L,2.7221742856435,0,1.70981605698029,0.111365371989323,1,6.335346554052789e-11,5.7261786161631e-9,Prevalence association possibly induced by stronger abundance association,prevalence,63,44,~ leachate * hpf + reads + (1|spawn_night)
d__Bacteria;p__Proteobacteria;c__Gammaproteobacteria;o__Nitrosococcales;f__Methylophagaceae;g__Marine_Methylotrophic_Group_3;s__uncultured_bacterium,leachate,.Q,leachate.Q,-2.42269308454404,0,1.96891259007618,0.218520164135525,1,9.36290108484472e-9,7.23776893071878e-7,Prevalence association possibly induced by stronger abundance association,prevalence,63,44,~ leachate * hpf + reads + (1|spawn_night)
d__Bacteria;p__Gemmatimonadota;c__Longimicrobia;o__Longimicrobiales;f__Longimicrobiaceae;g__Longimicrobiaceae;s__uncultured_bacterium,leachate,.C,leachate.C,NA,NA,NA,NA,NA,0,0,not a positive definite matrix (and positive semidefiniteness is not checked),abundance,63,5,~ leachate * hpf + reads + (1|spawn_night)
d__Bacteria;p__Gemmatimonadota;c__Longimicrobia;o__Longimicrobiales;f__Longimicrobiaceae;g__Longimicrobiaceae;s__uncultured_bacterium,leachate,.C:hpf,leachate.C:hpf,NA,NA,NA,NA,NA,6.765401238601919e-86,1.8927015369898198e-83,not a positive definite matrix (and positive semidefiniteness is not checked),abundance,63,5,~ leachate * hpf + reads + (1|spawn_night)
d__Bacteria;p__Gemmatimonadota;c__Longimicrobia;o__Longimicrobiales;f__Longimicrobiaceae;g__Longimicrobiaceae;s__uncultured_bacterium,leachate,.L,leachate.L,NA,NA,NA,NA,NA,0,0,not a positive definite matrix (and positive semidefiniteness is not checked),abundance,63,5,~ leachate * hpf + reads + (1|spawn_night)
d__Bacteria;p__Gemmatimonadota;c__Longimicrobia;o__Longimicrobiales;f__Longimicrobiaceae;g__Longimicrobiaceae;s__uncultured_bacterium,leachate,.L:hpf,leachate.L:hpf,NA,NA,NA,NA,NA,0,0,not a positive definite matrix (and positive semidefiniteness is not checked),abundance,63,5,~ leachate * hpf + reads + (1|spawn_night)
d__Bacteria;p__Gemmatimonadota;c__Longimicrobia;o__Longimicrobiales;f__Longimicrobiaceae;g__Longimicrobiaceae;s__uncultured_bacterium,leachate,.Q,leachate.Q,NA,NA,NA,NA,NA,0,0,not a positive definite matrix (and positive semidefiniteness is not checked),abundance,63,5,~ leachate * hpf + reads + (1|spawn_night)
d__Bacteria;p__Gemmatimonadota;c__Longimicrobia;o__Longimicrobiales;f__Longimicrobiaceae;g__Longimicrobiaceae;s__uncultured_bacterium,leachate,.Q:hpf,leachate.Q:hpf,NA,NA,NA,NA,NA,0,0,not a positive definite matrix (and positive semidefiniteness is not checked),abundance,63,5,~ leachate * hpf + reads + (1|spawn_night)
d__Bacteria;p__Bacteroidota;c__Bacteroidia;o__Flavobacteriales;f__Flavobacteriaceae;g__Leeuwenhoekiella;__,leachate,.Q,leachate.Q,NA,0,NA,NA,NA,3.08098872291446e-5,0.00175736007253616,(maxstephalfit) PIRLS step-halvings failed to reduce deviance in pwrssUpdate,prevalence,63,55,~ leachate * hpf + reads + (1|spawn_night)
d__Bacteria;p__Proteobacteria;c__Gammaproteobacteria;o__Burkholderiales;f__Comamonadaceae;g__Delftia;__,leachate,.C:stage.L,leachate.C:stage.L,-4.38780697919883,0,0.0573893630652247,0,0,0,0,NA,prevalence,63,13,~ leachate * stage + reads + (1|spawn_night)
d__Bacteria;p__Proteobacteria;c__Gammaproteobacteria;o__Burkholderiales;f__Comamonadaceae;g__Delftia;__,leachate,.L,leachate.L,-3.23535981686033,0,0.0554730806312865,0,0,0,0,NA,prevalence,63,13,~ leachate * stage + reads + (1|spawn_night)
d__Bacteria;p__Proteobacteria;c__Gammaproteobacteria;o__Burkholderiales;f__Comamonadaceae;g__Delftia;__,leachate,.L:stage.L,leachate.L:stage.L,-12.9297127619831,0,0.0555728235164152,0,0,0,0,NA,prevalence,63,13,~ leachate * stage + reads + (1|spawn_night)
d__Bacteria;p__Proteobacteria;c__Gammaproteobacteria;o__Burkholderiales;f__Comamonadaceae;g__Delftia;__,leachate,.L:stage.Q,leachate.L:stage.Q,5.48212598205067,0,0.0573659700028677,0,0,0,0,NA,prevalence,63,13,~ leachate * stage + reads + (1|spawn_night)
d__Bacteria;p__Proteobacteria;c__Gammaproteobacteria;o__Burkholderiales;f__Comamonadaceae;g__Delftia;__,leachate,.Q,leachate.Q,-2.21915785250726,0,0.0554287832760593,0,0,0,0,NA,prevalence,63,13,~ leachate * stage + reads + (1|spawn_night)
d__Bacteria;p__Proteobacteria;c__Gammaproteobacteria;o__Burkholderiales;f__Comamonadaceae;g__Delftia;__,leachate,.Q:stage.L,leachate.Q:stage.L,7.86724756879399,0,0.0555691112353302,0,0,0,0,NA,prevalence,63,13,~ leachate * stage + reads + (1|spawn_night)
d__Bacteria;p__Proteobacteria;c__Gammaproteobacteria;o__Burkholderiales;f__Comamonadaceae;g__Delftia;__,leachate,.Q:stage.Q,leachate.Q:stage.Q,3.46948521309221,0,0.0555388621851619,0,0,0,0,NA,prevalence,63,13,~ leachate * stage + reads + (1|spawn_night)
d__Eukaryota;__;__;__;__;__;__,leachate,.L:stage.Q,leachate.L:stage.Q,-10.3973659704787,0,0.303948702206898,1.8618632245569598e-256,2.00559906549276e-253,3.7237264491136297e-256,3.2333116757653603e-253,NA,prevalence,63,56,~ leachate * stage + reads + (1|spawn_night)
d__Bacteria;p__Proteobacteria;c__Gammaproteobacteria;o__Burkholderiales;f__Comamonadaceae;g__Delftia;__,leachate,.C:stage.Q,leachate.C:stage.Q,1.58763110958042,0,0.0573675769010596,1.4075776692639297e-168,1.37840242302828e-165,1.4075776692639297e-168,1.1110906274744298e-165,NA,prevalence,63,13,~ leachate * stage + reads + (1|spawn_night)
d__Eukaryota;__;__;__;__;__;__,leachate,.C:stage.Q,leachate.C:stage.Q,6.8011626508628,0,0.282463405265026,4.24733980781881e-128,3.81269536748536e-125,8.494679615637689e-128,6.14660859188184e-125,NA,prevalence,63,56,~ leachate * stage + reads + (1|spawn_night)
d__Bacteria;p__Proteobacteria;c__Gammaproteobacteria;o__Burkholderiales;f__Comamonadaceae;g__Delftia;__,leachate,.C,leachate.C,-1.10410537009285,0,0.0554576320793802,3.40111356731959e-88,2.81821502670513e-85,6.80222713463915e-88,4.5433644776978304e-85,NA,prevalence,63,13,~ leachate * stage + reads + (1|spawn_night)
d__Eukaryota;__;__;__;__;__;__,leachate,.C:stage.L,leachate.C:stage.L,-5.28268692122989,0,0.296015788599427,3.10698528544212e-71,2.39060324962732e-68,6.21397057088431e-71,3.8539933190706e-68,NA,prevalence,63,56,~ leachate * stage + reads + (1|spawn_night)
d__Eukaryota;__;__;__;__;__;__,leachate,.L:stage.L,leachate.L:stage.L,4.55115048557877,0,0.297207213948335,6.25550802565866e-53,4.49228883015968e-50,1.25110160513174e-52,7.24221015823925e-50,NA,prevalence,63,56,~ leachate * stage + reads + (1|spawn_night)
d__Bacteria;p__Bdellovibrionota;c__Bdellovibrionia;o__Bacteriovoracales;f__Bacteriovoracaceae;g__Halobacteriovorax;s__Bacteriovorax_sp.,leachate,.L:stage.Q,leachate.L:stage.Q,5.44683827499989,0,0.357439412622739,1.96344588680759e-52,1.3218899432932099e-49,3.9268917736151705e-52,2.1310750793937798e-49,NA,prevalence,63,41,~ leachate * stage + reads + (1|spawn_night)
d__Bacteria;p__Bdellovibrionota;c__Bdellovibrionia;o__Bacteriovoracales;f__Bacteriovoracaceae;g__Halobacteriovorax;s__Bacteriovorax_sp.,leachate,.C:stage.Q,leachate.C:stage.Q,4.32735406573511,0,0.344905791399527,4.1556975681074996e-36,2.2382587101827e-33,8.311395136214959e-36,3.60839219838772e-33,NA,prevalence,63,41,~ leachate * stage + reads + (1|spawn_night)
d__Bacteria;p__Bdellovibrionota;c__Bdellovibrionia;o__Bacteriovoracales;f__Bacteriovoracaceae;g__Halobacteriovorax;s__Bacteriovorax_sp.,leachate,.L:stage.L,leachate.L:stage.L,5.75616982969649,0,0.52249381916057,3.1740378516002097e-28,1.62813027321131e-25,6.34807570320043e-28,2.6247781586137796e-25,NA,prevalence,63,41,~ leachate * stage + reads + (1|spawn_night)
d__Bacteria;p__Bacteroidota;c__Bacteroidia;o__Flavobacteriales;f__Flavobacteriaceae;g__Kordia;__,leachate,.C:stage.Q,leachate.C:stage.Q,5.85468752301342,0,0.568179534800043,6.73864148457266e-25,3.2994839123553096e-22,1.34772829691454e-24,5.31923854641314e-22,NA,prevalence,63,49,~ leachate * stage + reads + (1|spawn_night)
d__Bacteria;p__Bacteroidota;c__Bacteroidia;o__Flavobacteriales;f__Flavobacteriaceae;g__Kordia;__,leachate,.Q:stage.Q,leachate.Q:stage.Q,6.67253262552654,0,0.687120736796786,2.7104299453733598e-22,1.2694239726766e-19,5.42085989074675e-22,2.04649245353713e-19,NA,prevalence,63,49,~ leachate * stage + reads + (1|spawn_night)
d__Bacteria;p__Bdellovibrionota;c__Bdellovibrionia;o__Bacteriovoracales;f__Bacteriovoracaceae;g__Halobacteriovorax;s__Bacteriovorax_sp.,leachate,.L,leachate.L,3.13023597469737,0,0.383739299668412,3.42896936172783e-16,1.42064838325124e-13,6.85793872345564e-16,2.29028776676021e-13,NA,prevalence,63,41,~ leachate * stage + reads + (1|spawn_night)
d__Bacteria;p__Proteobacteria;c__Gammaproteobacteria;o__Oceanospirillales;f__Oleiphilaceae;g__Oleiphilus;s__Oleiphilus_sp.,leachate,.Q,leachate.Q,-9.93704508994919,0,1.23772105458496,9.867057086111701e-16,3.93659033079983e-13,1.97341141722235e-15,6.34634493916358e-13,NA,prevalence,63,54,~ leachate * stage + reads + (1|spawn_night)
d__Bacteria;p__Bdellovibrionota;c__Bdellovibrionia;o__Bacteriovoracales;f__Bacteriovoracaceae;g__Halobacteriovorax;s__Bacteriovorax_sp.,leachate,.C:stage.L,leachate.C:stage.L,-2.93380814589591,0,0.389994811876731,5.36625800111231e-14,1.8292033393939897e-11,1.07325160022243e-13,2.9489366126917096e-11,NA,prevalence,63,41,~ leachate * stage + reads + (1|spawn_night)
d__Bacteria;p__Bacteroidota;c__Bacteroidia;o__Flavobacteriales;f__Flavobacteriaceae;g__Kordia;__,leachate,.L:stage.Q,leachate.L:stage.Q,-5.38997109141621,0,0.800599962648148,1.6687002664066797e-11,4.73032612361389e-9,3.3374005327855196e-11,7.62596021741492e-9,NA,prevalence,63,49,~ leachate * stage + reads + (1|spawn_night)
d__Bacteria;p__Proteobacteria;c__Gammaproteobacteria;o__Nitrosococcales;f__Methylophagaceae;g__Marine_Methylotrophic_Group_3;s__uncultured_bacterium,leachate,.L,leachate.L,3.44754997044657,-0.112751415124796,0.341722248587807,8.078442717493519e-11,2.23130730648308e-8,8.078442717493519e-11,1.79859277220503e-8,NA,abundance,63,44,~ leachate * stage + reads + (1|spawn_night)
d__Eukaryota;__;__;__;__;__;__,leachate,.Q:stage.Q,leachate.Q:stage.Q,1.76722698584752,0,0.283373118802402,4.4776674561156003e-10,1.12170776365761e-7,8.95533491022622e-10,1.80835286105801e-7,NA,prevalence,63,56,~ leachate * stage + reads + (1|spawn_night)
d__Eukaryota;__;__;__;__;__;__,leachate,.Q:stage.L,leachate.Q:stage.L,-1.75148300371882,0,0.287123858052189,1.06004998317968e-9,2.59519509518443e-7,2.12009996523565e-9,4.09085066625358e-7,NA,prevalence,63,56,~ leachate * stage + reads + (1|spawn_night)
d__Eukaryota;__;__;__;__;__;__,leachate,.Q,leachate.Q,1.7150428088712,0,0.286188740663539,2.06387403137753e-9,4.83305457956496e-7,4.12774805849549e-9,7.79157312867746e-7,NA,prevalence,63,56,~ leachate * stage + reads + (1|spawn_night)
d__Bacteria;p__Proteobacteria;c__Gammaproteobacteria;o__Nitrosococcales;f__Methylophagaceae;g__Marine_Methylotrophic_Group_3;s__uncultured_bacterium,leachate,.Q,leachate.Q,-2.85444494480033,-0.184938587094909,0.313703665700973,5.089924400125411e-9,1.16656735400321e-6,5.089924400125411e-9,9.40336458857211e-7,NA,abundance,63,44,~ leachate * stage + reads + (1|spawn_night)
d__Bacteria;p__Proteobacteria;c__Alphaproteobacteria;o__Parvibaculales;f__PS1_clade;g__PS1_clade;__,leachate,.L:stage.L,leachate.L:stage.L,-12.484403487846,0,2.3206940658982,7.46519315685919e-8,1.57676589579779e-5,1.49303857564273e-7,2.4460479155294e-5,NA,prevalence,63,41,~ leachate * stage + reads + (1|spawn_night)
d__Bacteria;p__Bdellovibrionota;c__Bdellovibrionia;o__Bacteriovoracales;f__Bacteriovoracaceae;g__Peredibacter;s__uncultured_Peredibacter,leachate,.Q,leachate.Q,5.22841279114852,0,1.09371886216517,1.74947445022819e-6,2.991323615533e-4,3.49894583979552e-6,4.8224359884038e-4,NA,prevalence,63,44,~ leachate * stage + reads + (1|spawn_night)
d__Bacteria;p__Proteobacteria;c__Gammaproteobacteria;o__Oceanospirillales;f__Oleiphilaceae;g__Oleiphilus;s__Oleiphilus_sp.,leachate,.Q:stage.Q,leachate.Q:stage.Q,6.0025268355888,0,1.27087689577979,2.3223326073888e-6,3.9087760698112e-4,4.64465982154886e-6,6.3014970672669e-4,NA,prevalence,63,54,~ leachate * stage + reads + (1|spawn_night)
d__Bacteria;p__Proteobacteria;c__Gammaproteobacteria;o__Oceanospirillales;f__Oleiphilaceae;g__Oleiphilus;s__Oleiphilus_sp.,leachate,.C:stage.Q,leachate.C:stage.Q,-5.9398888964117,0,1.27391969898752,3.12107171592308e-6,5.1723360806036e-4,6.2421336907575e-6,8.2121889146738e-4,NA,prevalence,63,54,~ leachate * stage + reads + (1|spawn_night)
d__Bacteria;p__Bdellovibrionota;c__Bdellovibrionia;o__Bacteriovoracales;f__Bacteriovoracaceae;g__Peredibacter;s__uncultured_Peredibacter,leachate,.L:stage.Q,leachate.L:stage.Q,-10.0903201626517,0,2.27639440556296,9.31083699136873e-6,0.00140573246321762,1.8621587291052e-5,0.00223518627624135,NA,prevalence,63,44,~ leachate * stage + reads + (1|spawn_night)
d__Bacteria;p__Proteobacteria;c__Gammaproteobacteria;o__Oceanospirillales;f__Oleiphilaceae;g__Oleiphilus;s__Oleiphilus_sp.,leachate,.L:stage.Q,leachate.L:stage.Q,4.69626989271055,0,1.1134889795645,2.46897872569467e-5,0.00335795802866279,4.93789649282985e-5,0.00521777316403211,NA,prevalence,63,54,~ leachate * stage + reads + (1|spawn_night)
d__Eukaryota;__;__;__;__;__;__,leachate,.C,leachate.C,1.27883434321708,0,0.303375150820674,2.49384183339234e-5,0.00335795802866279,4.98762147431378e-5,0.00521777316403211,NA,prevalence,63,56,~ leachate * stage + reads + (1|spawn_night)
d__Bacteria;p__Bacteroidota;c__Bacteroidia;o__Flavobacteriales;f__Flavobacteriaceae;g__Leeuwenhoekiella;__,leachate,.Q,leachate.Q,1.60175309884195,-0.184938587094909,0.361046058280493,2.82342437827858e-5,0.00375480585219961,2.82342437827858e-5,0.00318386933462245,NA,abundance,63,55,~ leachate * stage + reads + (1|spawn_night)
d__Bacteria;p__Proteobacteria;c__Gammaproteobacteria;o__Nitrosococcales;f__Methylophagaceae;g__Marine_Methylotrophic_Group_3;s__uncultured_bacterium,leachate,.L:stage.L,leachate.L:stage.L,2.59940975951565,-0.106328666265592,0.57658466695109,1.2602992025606e-4,0.0149186186922898,2.5204395697133e-4,0.0232818901955546,NA,abundance,63,44,~ leachate * stage + reads + (1|spawn_night)
d__Bacteria;p__Proteobacteria;c__Alphaproteobacteria;o__Parvibaculales;f__PS1_clade;g__PS1_clade;__,leachate,.L:stage.Q,leachate.L:stage.Q,5.97470902135452,0,1.57670261677612,1.5103004382467e-4,0.01730740034127,3.020372775752e-4,0.027606207170374,NA,prevalence,63,41,~ leachate * stage + reads + (1|spawn_night)
d__Bacteria;p__Proteobacteria;c__Gammaproteobacteria;o__Oceanospirillales;f__Oleiphilaceae;g__Oleiphilus;s__Oleiphilus_sp.,leachate,.L,leachate.L,2.81123591096427,0,0.74443816820652,1.5916319929708e-4,0.0180474313981913,3.1830106567015e-4,0.0287896682626453,NA,prevalence,63,54,~ leachate * stage + reads + (1|spawn_night)
d__Bacteria;p__Proteobacteria;c__Gammaproteobacteria;o__Oceanospirillales;f__Oleiphilaceae;g__Oleiphilus;s__Oleiphilus_sp.,leachate,.L:stage.L,leachate.L:stage.L,4.64722113948156,0,1.23903738623231,1.7636223901706e-4,0.0192396134724,3.5269337439478e-4,0.0309337027259589,NA,prevalence,63,54,~ leachate * stage + reads + (1|spawn_night)
d__Bacteria;p__Proteobacteria;c__Gammaproteobacteria;o__Nitrosococcales;f__Methylophagaceae;g__Marine_Methylotrophic_Group_3;s__uncultured_bacterium,leachate,.C,leachate.C,1.12435360559555,-0.115636991634003,0.29435765741078,2.9678151151453e-4,0.0313424553140647,5.9347494376349e-4,0.0495494513144083,NA,abundance,63,44,~ leachate * stage + reads + (1|spawn_night)
d__Bacteria;p__Proteobacteria;c__Alphaproteobacteria;o__Parvibaculales;f__PS1_clade;g__PS1_clade;__,leachate,.L,leachate.L,4.36719717878868,0,1.21926722705374,3.4120731989484e-4,0.0353412043260319,6.8229821735454e-4,0.055939556481301,NA,prevalence,63,41,~ leachate * stage + reads + (1|spawn_night)
d__Bacteria;p__Proteobacteria;c__Gammaproteobacteria;o__Oceanospirillales;f__Halomonadaceae;g__Halomonas;__,leachate,.Q,leachate.Q,2.37381566219462,-0.184938587094909,0.52664734043225,6.0095530971551e-4,0.0588499145114136,0.00120154947214675,0.0931522684522341,NA,abundance,63,23,~ leachate * stage + reads + (1|spawn_night)
d__Bacteria;p__Proteobacteria;c__Alphaproteobacteria;o__Rhodobacterales;f__Rhodobacteraceae;g__Cognatishimia;s__uncultured_bacterium,leachate,.L,leachate.L,-1.11075248479664,-0.112751415124796,0.233007358670259,6.6348212024855e-4,0.0643876522461031,0.00132652403197322,0.101036913768627,NA,abundance,63,61,~ leachate * stage + reads + (1|spawn_night)
d__Bacteria;p__Bacteroidota;c__Bacteroidia;o__Flavobacteriales;f__Flavobacteriaceae;g__Kordia;__,leachate,.C:stage.Q,leachate.C:stage.Q,0.599286811929038,0.190707005600685,0.667009240845217,0.543243331233428,1,1.34772829691454e-24,5.31923854641314e-22,NA,abundance,63,49,~ leachate * stage + reads + (1|spawn_night)
d__Bacteria;p__Bacteroidota;c__Bacteroidia;o__Flavobacteriales;f__Flavobacteriaceae;g__Kordia;__,leachate,.L:stage.Q,leachate.L:stage.Q,0.31740769903502303,-0.11804877670156,0.591530168358705,0.471598278226974,1,3.3374005327855196e-11,7.62596021741492e-9,NA,abundance,63,49,~ leachate * stage + reads + (1|spawn_night)
d__Bacteria;p__Bacteroidota;c__Bacteroidia;o__Flavobacteriales;f__Flavobacteriaceae;g__Kordia;__,leachate,.Q:stage.Q,leachate.Q:stage.Q,0.295106489565295,0.272882534053379,0.60459522777248,0.971013309530322,1,5.42085989074675e-22,2.04649245353713e-19,NA,abundance,63,49,~ leachate * stage + reads + (1|spawn_night)
d__Bacteria;p__Bdellovibrionota;c__Bdellovibrionia;o__Bacteriovoracales;f__Bacteriovoracaceae;g__Halobacteriovorax;s__Bacteriovorax_sp.,leachate,.C:stage.L,leachate.C:stage.L,0.676616545881653,-0.219992903297706,1.10862597917201,0.426491299414301,1,1.07325160022243e-13,2.9489366126917096e-11,NA,abundance,63,41,~ leachate * stage + reads + (1|spawn_night)
d__Bacteria;p__Bdellovibrionota;c__Bdellovibrionia;o__Bacteriovoracales;f__Bacteriovoracaceae;g__Halobacteriovorax;s__Bacteriovorax_sp.,leachate,.C:stage.Q,leachate.C:stage.Q,0.560443345821295,0.190707005600685,1.29538521816644,0.776901630861737,1,8.311395136214959e-36,3.60839219838772e-33,NA,abundance,63,41,~ leachate * stage + reads + (1|spawn_night)
d__Bacteria;p__Bdellovibrionota;c__Bdellovibrionia;o__Bacteriovoracales;f__Bacteriovoracaceae;g__Halobacteriovorax;s__Bacteriovorax_sp.,leachate,.L,leachate.L,-0.391622067018611,-0.112751415124796,0.668514051283507,0.68550576606844,1,6.85793872345564e-16,2.29028776676021e-13,NA,abundance,63,41,~ leachate * stage + reads + (1|spawn_night)
d__Bacteria;p__Bdellovibrionota;c__Bdellovibrionia;o__Bacteriovoracales;f__Bacteriovoracaceae;g__Halobacteriovorax;s__Bacteriovorax_sp.,leachate,.L:stage.L,leachate.L:stage.L,-0.16853713685605,-0.106328666265592,1.17402472622078,0.958741775168354,1,6.34807570320043e-28,2.6247781586137796e-25,NA,abundance,63,41,~ leachate * stage + reads + (1|spawn_night)
d__Bacteria;p__Bdellovibrionota;c__Bdellovibrionia;o__Bacteriovoracales;f__Bacteriovoracaceae;g__Halobacteriovorax;s__Bacteriovorax_sp.,leachate,.L:stage.Q,leachate.L:stage.Q,0.416582256688014,-0.11804877670156,1.10904779066394,0.634483086862007,1,3.9268917736151705e-52,2.1310750793937798e-49,NA,abundance,63,41,~ leachate * stage + reads + (1|spawn_night)
d__Bacteria;p__Bdellovibrionota;c__Bdellovibrionia;o__Bacteriovoracales;f__Bacteriovoracaceae;g__Peredibacter;s__uncultured_Peredibacter,leachate,.L:stage.Q,leachate.L:stage.Q,0.519149032322929,-0.11804877670156,0.934816900235771,0.502002447873684,1,1.8621587291052e-5,0.00223518627624135,NA,abundance,63,44,~ leachate * stage + reads + (1|spawn_night)
d__Bacteria;p__Bdellovibrionota;c__Bdellovibrionia;o__Bacteriovoracales;f__Bacteriovoracaceae;g__Peredibacter;s__uncultured_Peredibacter,leachate,.Q,leachate.Q,0.225851452051972,-0.184938587094909,0.597608399218111,0.504001818610337,1,3.49894583979552e-6,4.8224359884038e-4,NA,abundance,63,44,~ leachate * stage + reads + (1|spawn_night)
d__Bacteria;p__Proteobacteria;c__Alphaproteobacteria;o__Parvibaculales;f__PS1_clade;g__PS1_clade;__,leachate,.L,leachate.L,-0.169640613630915,-0.112751415124796,0.341878162061765,0.878186540077572,1,6.8229821735454e-4,0.055939556481301,NA,abundance,63,41,~ leachate * stage + reads + (1|spawn_night)
d__Bacteria;p__Proteobacteria;c__Alphaproteobacteria;o__Parvibaculales;f__PS1_clade;g__PS1_clade;__,leachate,.L:stage.L,leachate.L:stage.L,-0.316983344996124,-0.106328666265592,0.674695242061484,0.76802642118315,1,1.49303857564273e-7,2.4460479155294e-5,NA,abundance,63,41,~ leachate * stage + reads + (1|spawn_night)
d__Bacteria;p__Proteobacteria;c__Alphaproteobacteria;o__Parvibaculales;f__PS1_clade;g__PS1_clade;__,leachate,.L:stage.Q,leachate.L:stage.Q,0.118248761145103,-0.11804877670156,0.558989415582117,0.679523075695278,1,3.020372775752e-4,0.027606207170374,NA,abundance,63,41,~ leachate * stage + reads + (1|spawn_night)
d__Bacteria;p__Proteobacteria;c__Gammaproteobacteria;o__Burkholderiales;f__Comamonadaceae;g__Delftia;__,leachate,.C,leachate.C,2.74533143858813,-0.115636991634003,2.05045459674418,0.246394005459491,1,6.80222713463915e-88,4.5433644776978304e-85,NA,abundance,63,13,~ leachate * stage + reads + (1|spawn_night)
d__Bacteria;p__Proteobacteria;c__Gammaproteobacteria;o__Burkholderiales;f__Comamonadaceae;g__Delftia;__,leachate,.L,leachate.L,10.5845527192925,-0.112751415124796,6.94441141427091,0.209466831061847,1,0,0,NA,abundance,63,13,~ leachate * stage + reads + (1|spawn_night)
d__Bacteria;p__Proteobacteria;c__Gammaproteobacteria;o__Burkholderiales;f__Comamonadaceae;g__Delftia;__,leachate,.L:stage.L,leachate.L:stage.L,23.7436013937893,-0.106328666265592,17.1788807045,0.252026867071707,1,0,0,NA,abundance,63,13,~ leachate * stage + reads + (1|spawn_night)
d__Bacteria;p__Proteobacteria;c__Gammaproteobacteria;o__Burkholderiales;f__Comamonadaceae;g__Delftia;__,leachate,.Q,leachate.Q,8.5623018889399,-0.184938587094909,4.81805954329717,0.152180209380608,1,0,0,NA,abundance,63,13,~ leachate * stage + reads + (1|spawn_night)
d__Bacteria;p__Proteobacteria;c__Gammaproteobacteria;o__Oceanospirillales;f__Oleiphilaceae;g__Oleiphilus;s__Oleiphilus_sp.,leachate,.C:stage.Q,leachate.C:stage.Q,-0.13586823174585,0.190707005600685,0.914054800324103,0.721881875880387,1,6.2421336907575e-6,8.2121889146738e-4,NA,abundance,63,54,~ leachate * stage + reads + (1|spawn_night)
d__Bacteria;p__Proteobacteria;c__Gammaproteobacteria;o__Oceanospirillales;f__Oleiphilaceae;g__Oleiphilus;s__Oleiphilus_sp.,leachate,.L,leachate.L,-0.850670033686771,-0.112751415124796,0.590187071392007,0.23087007596862,1,3.1830106567015e-4,0.0287896682626453,NA,abundance,63,54,~ leachate * stage + reads + (1|spawn_night)
d__Bacteria;p__Proteobacteria;c__Gammaproteobacteria;o__Oceanospirillales;f__Oleiphilaceae;g__Oleiphilus;s__Oleiphilus_sp.,leachate,.L:stage.L,leachate.L:stage.L,-0.042586921180748,-0.106328666265592,1.05228779424083,0.953037240827805,1,3.5269337439478e-4,0.0309337027259589,NA,abundance,63,54,~ leachate * stage + reads + (1|spawn_night)
d__Bacteria;p__Proteobacteria;c__Gammaproteobacteria;o__Oceanospirillales;f__Oleiphilaceae;g__Oleiphilus;s__Oleiphilus_sp.,leachate,.L:stage.Q,leachate.L:stage.Q,-0.808232245226934,-0.11804877670156,0.961822277335526,0.478564402278399,1,4.93789649282985e-5,0.00521777316403211,NA,abundance,63,54,~ leachate * stage + reads + (1|spawn_night)
d__Bacteria;p__Proteobacteria;c__Gammaproteobacteria;o__Oceanospirillales;f__Oleiphilaceae;g__Oleiphilus;s__Oleiphilus_sp.,leachate,.Q,leachate.Q,-0.692346650680077,-0.184938587094909,0.554591051173451,0.373677879935365,1,1.97341141722235e-15,6.34634493916358e-13,NA,abundance,63,54,~ leachate * stage + reads + (1|spawn_night)
d__Bacteria;p__Proteobacteria;c__Gammaproteobacteria;o__Oceanospirillales;f__Oleiphilaceae;g__Oleiphilus;s__Oleiphilus_sp.,leachate,.Q:stage.Q,leachate.Q:stage.Q,-0.46511154330814,0.272882534053379,0.9274346205448,0.431499750811034,1,4.64465982154886e-6,6.3014970672669e-4,NA,abundance,63,54,~ leachate * stage + reads + (1|spawn_night)
d__Eukaryota;__;__;__;__;__;__,leachate,.C,leachate.C,-0.55541454110537,-0.115636991634003,0.332984986694708,0.204780353526437,1,4.98762147431378e-5,0.00521777316403211,NA,abundance,63,56,~ leachate * stage + reads + (1|spawn_night)
d__Eukaryota;__;__;__;__;__;__,leachate,.C:stage.L,leachate.C:stage.L,-0.481622031816281,-0.219992903297706,0.578332620739447,0.656367509871756,1,6.21397057088431e-71,3.8539933190706e-68,NA,abundance,63,56,~ leachate * stage + reads + (1|spawn_night)
d__Eukaryota;__;__;__;__;__;__,leachate,.C:stage.Q,leachate.C:stage.Q,-0.561464029115347,0.190707005600685,0.576883024632927,0.200209763330885,1,8.494679615637689e-128,6.14660859188184e-125,NA,abundance,63,56,~ leachate * stage + reads + (1|spawn_night)
d__Eukaryota;__;__;__;__;__;__,leachate,.L:stage.L,leachate.L:stage.L,-0.616855175432344,-0.106328666265592,0.550324553543428,0.392965575225361,1,1.25110160513174e-52,7.24221015823925e-50,NA,abundance,63,56,~ leachate * stage + reads + (1|spawn_night)
d__Eukaryota;__;__;__;__;__;__,leachate,.L:stage.Q,leachate.L:stage.Q,0.415942623501595,-0.11804877670156,0.544291573280965,0.340005292727041,1,3.7237264491136297e-256,3.2333116757653603e-253,NA,abundance,63,56,~ leachate * stage + reads + (1|spawn_night)
d__Eukaryota;__;__;__;__;__;__,leachate,.Q,leachate.Q,-0.855872681213669,-0.184938587094909,0.322379852993544,0.0560711083640777,1,4.12774805849549e-9,7.79157312867746e-7,NA,abundance,63,56,~ leachate * stage + reads + (1|spawn_night)
d__Eukaryota;__;__;__;__;__;__,leachate,.Q:stage.L,leachate.Q:stage.L,-0.243726398967394,-0.09541102517035,0.575936881493466,0.806858825203201,1,2.12009996523565e-9,4.09085066625358e-7,NA,abundance,63,56,~ leachate * stage + reads + (1|spawn_night)
d__Eukaryota;__;__;__;__;__;__,leachate,.Q:stage.Q,leachate.Q:stage.Q,-0.44398852311118,0.272882534053379,0.556577200979732,0.208433002662122,1,8.95533491022622e-10,1.80835286105801e-7,NA,abundance,63,56,~ leachate * stage + reads + (1|spawn_night)
d__Bacteria;p__Proteobacteria;c__Gammaproteobacteria;o__Nitrosococcales;f__Methylophagaceae;g__Marine_Methylotrophic_Group_3;s__uncultured_bacterium,leachate,.C,leachate.C,2.56743680367432,0,3.62639018398376,0.478953382499372,1,5.9347494376349e-4,0.0495494513144083,NA,prevalence,63,44,~ leachate * stage + reads + (1|spawn_night)
d__Bacteria;p__Proteobacteria;c__Gammaproteobacteria;o__Nitrosococcales;f__Methylophagaceae;g__Marine_Methylotrophic_Group_3;s__uncultured_bacterium,leachate,.L:stage.L,leachate.L:stage.L,-3.57325452919849,0,2.23135801199556,0.109292538076488,1,2.5204395697133e-4,0.0232818901955546,NA,prevalence,63,44,~ leachate * stage + reads + (1|spawn_night)
d__Bacteria;p__Proteobacteria;c__Gammaproteobacteria;o__Oceanospirillales;f__Halomonadaceae;g__Halomonas;__,leachate,.Q,leachate.Q,3.77781182617313,0,48.8793481390789,0.938394033882107,1,0.00120154947214675,0.0931522684522341,NA,prevalence,63,23,~ leachate * stage + reads + (1|spawn_night)
d__Bacteria;p__Proteobacteria;c__Gammaproteobacteria;o__Nitrosococcales;f__Methylophagaceae;g__Marine_Methylotrophic_Group_3;s__uncultured_bacterium,leachate,.L,leachate.L,3.18479034678333,0,8.18836676185902,0.697319901058953,1,8.078442717493519e-11,1.79859277220503e-8,Prevalence association possibly induced by stronger abundance association,prevalence,63,44,~ leachate * stage + reads + (1|spawn_night)
d__Bacteria;p__Proteobacteria;c__Gammaproteobacteria;o__Nitrosococcales;f__Methylophagaceae;g__Marine_Methylotrophic_Group_3;s__uncultured_bacterium,leachate,.Q,leachate.Q,-1.85589757062334,0,6.32525343993062,0.769208183589345,1,5.089924400125411e-9,9.40336458857211e-7,Prevalence association possibly induced by stronger abundance association,prevalence,63,44,~ leachate * stage + reads + (1|spawn_night)
d__Bacteria;p__Proteobacteria;c__Gammaproteobacteria;o__Burkholderiales;f__Comamonadaceae;g__Delftia;__,leachate,.C:stage.L,leachate.C:stage.L,NA,NA,NA,NA,NA,0,0,Fitting error (NA p-value returned from fitting procedure),abundance,63,13,~ leachate * stage + reads + (1|spawn_night)
d__Bacteria;p__Proteobacteria;c__Gammaproteobacteria;o__Burkholderiales;f__Comamonadaceae;g__Delftia;__,leachate,.C:stage.Q,leachate.C:stage.Q,NA,NA,NA,NA,NA,1.4075776692639297e-168,1.1110906274744298e-165,Fitting error (NA p-value returned from fitting procedure),abundance,63,13,~ leachate * stage + reads + (1|spawn_night)
d__Bacteria;p__Proteobacteria;c__Gammaproteobacteria;o__Burkholderiales;f__Comamonadaceae;g__Delftia;__,leachate,.L:stage.Q,leachate.L:stage.Q,NA,NA,NA,NA,NA,0,0,Fitting error (NA p-value returned from fitting procedure),abundance,63,13,~ leachate * stage + reads + (1|spawn_night)
d__Bacteria;p__Proteobacteria;c__Gammaproteobacteria;o__Burkholderiales;f__Comamonadaceae;g__Delftia;__,leachate,.Q:stage.L,leachate.Q:stage.L,NA,NA,NA,NA,NA,0,0,Fitting error (NA p-value returned from fitting procedure),abundance,63,13,~ leachate * stage + reads + (1|spawn_night)
d__Bacteria;p__Proteobacteria;c__Gammaproteobacteria;o__Burkholderiales;f__Comamonadaceae;g__Delftia;__,leachate,.Q:stage.Q,leachate.Q:stage.Q,NA,NA,NA,NA,NA,0,0,Fitting error (NA p-value returned from fitting procedure),abundance,63,13,~ leachate * stage + reads + (1|spawn_night)
d__Bacteria;p__Bacteroidota;c__Bacteroidia;o__Flavobacteriales;f__Flavobacteriaceae;g__Leeuwenhoekiella;__,leachate,.Q,leachate.Q,NA,0,NA,NA,NA,2.82342437827858e-5,0.00318386933462245,(maxstephalfit) PIRLS step-halvings failed to reduce deviance in pwrssUpdate,prevalence,63,55,~ leachate * stage + reads + (1|spawn_night)
d__Bacteria;p__Proteobacteria;c__Gammaproteobacteria;o__Nitrosococcales;f__Methylophagaceae;g__Marine_Methylotrophic_Group_3;s__uncultured_bacterium,leachate,.L,leachate.L,3.65159222310287,-0.0887520301345578,0.436631819087175,3.04557849053578e-10,1.13404290508307e-7,3.04557849053578e-10,8.24481605652186e-8,NA,abundance,63,44,~ leachate + hpf + reads + (1|spawn_night)
d__Bacteria;p__Proteobacteria;c__Gammaproteobacteria;o__Nitrosococcales;f__Methylophagaceae;g__Marine_Methylotrophic_Group_3;s__uncultured_bacterium,leachate,.Q,leachate.Q,-3.08812597731306,-0.189315208502858,0.409314547054594,2.36514426924483e-8,5.10544119750868e-6,2.36514426924483e-8,4.03456703945778e-6,NA,abundance,63,44,~ leachate + hpf + reads + (1|spawn_night)
d__Bacteria;p__Bacteroidota;c__Bacteroidia;o__Flavobacteriales;f__Flavobacteriaceae;g__Leeuwenhoekiella;__,leachate,.Q,leachate.Q,1.42598135743057,-0.189315208502858,0.348990095955107,3.55265358221068e-5,0.00394042194129027,3.55265358221068e-5,0.00292707762534315,NA,abundance,63,55,~ leachate + hpf + reads + (1|spawn_night)
d__Bacteria;p__Proteobacteria;c__Alphaproteobacteria;o__Rhodobacterales;f__Rhodobacteraceae;g__Cognatishimia;s__uncultured_bacterium,leachate,.L,leachate.L,-1.15799971177495,-0.0887520301345578,0.225689684893927,4.28844536156533e-5,0.00447113313396801,4.28844536156533e-5,0.00338608498340262,NA,abundance,63,61,~ leachate + hpf + reads + (1|spawn_night)
d__Bacteria;p__Proteobacteria;c__Gammaproteobacteria;o__Nitrosococcales;f__Methylophagaceae;g__Marine_Methylotrophic_Group_3;s__uncultured_bacterium,leachate,.C,leachate.C,1.19731102151563,-0.158181884129978,0.390086742064479,0.00145738064261301,0.0937941393819951,0.00291263732688855,0.141524300883431,NA,abundance,63,44,~ leachate + hpf + reads + (1|spawn_night)
d__Bacteria;p__Bacteroidota;c__Bacteroidia;o__Flavobacteriales;f__Flavobacteriaceae;g__Leeuwenhoekiella;__,leachate,.Q,leachate.Q,0.337447107354323,0,0.83502481965599,0.686127228393274,1,3.55265358221068e-5,0.00292707762534315,Prevalence association possibly induced by stronger abundance association,prevalence,63,55,~ leachate + hpf + reads + (1|spawn_night)
d__Bacteria;p__Proteobacteria;c__Alphaproteobacteria;o__Rhodobacterales;f__Rhodobacteraceae;g__Cognatishimia;s__uncultured_bacterium,leachate,.L,leachate.L,-0.885840073021353,0,0.999171714670473,0.375308076480998,1,4.28844536156533e-5,0.00338608498340262,Prevalence association possibly induced by stronger abundance association,prevalence,63,61,~ leachate + hpf + reads + (1|spawn_night)
d__Bacteria;p__Proteobacteria;c__Gammaproteobacteria;o__Nitrosococcales;f__Methylophagaceae;g__Marine_Methylotrophic_Group_3;s__uncultured_bacterium,leachate,.L,leachate.L,1.17912568668631,0,0.78717658724432,0.134154652989333,1,3.04557849053578e-10,8.24481605652186e-8,Prevalence association possibly induced by stronger abundance association,prevalence,63,44,~ leachate + hpf + reads + (1|spawn_night)
d__Bacteria;p__Proteobacteria;c__Gammaproteobacteria;o__Nitrosococcales;f__Methylophagaceae;g__Marine_Methylotrophic_Group_3;s__uncultured_bacterium,leachate,.Q,leachate.Q,-1.23302112350086,0,0.857920730165837,0.150655395277399,1,2.36514426924483e-8,4.03456703945778e-6,Prevalence association possibly induced by stronger abundance association,prevalence,63,44,~ leachate + hpf + reads + (1|spawn_night)
d__Bacteria;p__Bacteroidota;c__Bacteroidia;o__Flavobacteriales;f__Flavobacteriaceae;g__Leeuwenhoekiella;__,leachate,.L,leachate.L,4.28114784204724,0,0.229929952239495,2.2388659311990998e-77,6.49606949937419e-74,4.47773186239817e-77,9.68981175022963e-74,NA,prevalence,63,55,~ leachate + stage + reads + (1|spawn_night)
d__Bacteria;p__Bacteroidota;c__Bacteroidia;o__Flavobacteriales;f__Flavobacteriaceae;g__Leeuwenhoekiella;__,leachate,.Q,leachate.Q,2.28760838479821,0,0.228757428384384,1.5216782405623798e-23,2.94343294332783e-20,3.0433564811247597e-23,4.39054895010265e-20,NA,prevalence,63,55,~ leachate + stage + reads + (1|spawn_night)
d__Bacteria;p__Bacteroidota;c__Bacteroidia;o__Flavobacteriales;f__Flavobacteriaceae;g__Leeuwenhoekiella;__,leachate,.C,leachate.C,2.3015476882845,0,0.279804700444999,1.9429641369160899e-16,1.25278009850268e-13,3.8859282738322004e-16,1.8686997299050799e-13,NA,prevalence,63,55,~ leachate + stage + reads + (1|spawn_night)
d__Bacteria;p__Proteobacteria;c__Gammaproteobacteria;o__Nitrosococcales;f__Methylophagaceae;g__Marine_Methylotrophic_Group_3;s__uncultured_bacterium,leachate,.L,leachate.L,3.57159600866667,-0.0600233153114095,0.437568909306894,7.16883886609345e-10,1.98098913999716e-7,7.16883886609345e-10,1.47746355297393e-7,NA,abundance,63,44,~ leachate + stage + reads + (1|spawn_night)
d__Bacteria;p__Proteobacteria;c__Gammaproteobacteria;o__Nitrosococcales;f__Methylophagaceae;g__Marine_Methylotrophic_Group_3;s__uncultured_bacterium,leachate,.Q,leachate.Q,-3.05960250465347,-0.233090398332076,0.406579291350122,4.35747490978606e-8,8.71945755223741e-6,4.35747490978606e-8,6.73541121769788e-6,NA,abundance,63,44,~ leachate + stage + reads + (1|spawn_night)
d__Bacteria;p__Proteobacteria;c__Alphaproteobacteria;o__Rhodobacterales;f__Rhodobacteraceae;g__Cognatishimia;s__uncultured_bacterium,leachate,.L,leachate.L,-1.16166689324902,-0.0600233153114095,0.228194546422652,2.26343784791095e-5,0.00226460859162539,2.26343784791095e-5,0.00171862438697519,NA,abundance,63,61,~ leachate + stage + reads + (1|spawn_night)
d__Bacteria;p__Bacteroidota;c__Bacteroidia;o__Flavobacteriales;f__Flavobacteriaceae;g__Leeuwenhoekiella;__,leachate,.Q,leachate.Q,1.44198939219624,-0.233090398332076,0.351707168381668,2.5787601016763e-5,0.00249409081167127,3.0433564811247597e-23,4.39054895010265e-20,NA,abundance,63,55,~ leachate + stage + reads + (1|spawn_night)
d__Bacteria;p__Proteobacteria;c__Alphaproteobacteria;__;__;__;__,leachate,.L,leachate.L,3.25951928260172,0,0.916019074061975,3.7318745693713e-4,0.0281247638000804,7.4623564499625e-4,0.0424961562045235,NA,prevalence,63,51,~ leachate + stage + reads + (1|spawn_night)
d__Bacteria;p__Proteobacteria;c__Alphaproteobacteria;__;__;__;__,leachate,.C,leachate.C,2.56387883538,0,0.799006331783532,0.00133274326110257,0.0849880125733869,0.00266371031760512,0.1280948694955,NA,prevalence,63,51,~ leachate + stage + reads + (1|spawn_night)
d__Bacteria;p__Bacteroidota;c__Bacteroidia;o__Flavobacteriales;f__Flavobacteriaceae;g__Leeuwenhoekiella;__,leachate,.C,leachate.C,-0.271131317138754,-0.125077548966408,0.358562322759075,0.688550437809486,1,3.8859282738322004e-16,1.8686997299050799e-13,NA,abundance,63,55,~ leachate + stage + reads + (1|spawn_night)
d__Bacteria;p__Bacteroidota;c__Bacteroidia;o__Flavobacteriales;f__Flavobacteriaceae;g__Leeuwenhoekiella;__,leachate,.L,leachate.L,-0.130120182012932,-0.0600233153114095,0.353271800939798,0.844969025561995,1,4.47773186239817e-77,9.68981175022963e-74,NA,abundance,63,55,~ leachate + stage + reads + (1|spawn_night)
d__Bacteria;p__Proteobacteria;c__Alphaproteobacteria;__;__;__;__,leachate,.L,leachate.L,-0.638385050885547,-0.0600233153114095,0.513742940770791,0.26851945108895803,1,7.4623564499625e-4,0.0424961562045235,NA,abundance,63,51,~ leachate + stage + reads + (1|spawn_night)
d__Bacteria;p__Proteobacteria;c__Gammaproteobacteria;o__Nitrosococcales;f__Methylophagaceae;g__Marine_Methylotrophic_Group_3;s__uncultured_bacterium,leachate,.L,leachate.L,1.76153130452451,0,1.17464298584869,0.133709953622593,1,7.16883886609345e-10,1.47746355297393e-7,Prevalence association possibly induced by stronger abundance association,prevalence,63,44,~ leachate + stage + reads + (1|spawn_night)
d__Bacteria;p__Proteobacteria;c__Gammaproteobacteria;o__Nitrosococcales;f__Methylophagaceae;g__Marine_Methylotrophic_Group_3;s__uncultured_bacterium,leachate,.Q,leachate.Q,-2.15900549377529,0,1.46573160743853,0.140754193376107,1,4.35747490978606e-8,6.73541121769788e-6,Prevalence association possibly induced by stronger abundance association,prevalence,63,44,~ leachate + stage + reads + (1|spawn_night)
d__Bacteria;p__Proteobacteria;c__Alphaproteobacteria;o__Rhodobacterales;f__Rhodobacteraceae;g__Cognatishimia;s__uncultured_bacterium,leachate,.L,leachate.L,-21.9713855526311,0,71094.9442557274,0.999753419470029,NA,2.26343784791095e-5,0.00171862438697519,"A large coefficient (>15 in absolute value) or small p-value
                (< 10^-10) was obtained from a feature present in >95% of
                samples. Check this is intended.",prevalence,63,61,~ leachate + stage + reads + (1|spawn_night)
d__Bacteria;p__Bacteroidota;c__Bacteroidia;o__Flavobacteriales;f__Flavobacteriaceae;g__Leeuwenhoekiella;__,leachate,.Q,leachate.Q,1.431673268152,-0.236423375684406,0.348985941368932,2.435561284031e-5,0.00199830639939202,2.435561284031e-5,0.00153846287774625,NA,abundance,63,55,~ ordered(leachate) + stage + reads + (1|spawn_night)
d__Bacteria;p__Proteobacteria;c__Alphaproteobacteria;o__Rhodobacterales;f__Rhodobacteraceae;g__Cognatishimia;s__uncultured_bacterium,leachate,.L,leachate.L,-1.16599191712481,-0.111104353281006,0.225592750960696,3.92038716978682e-5,0.00287797685495719,3.92038716978682e-5,0.00231128603587654,NA,abundance,63,61,~ ordered(leachate) + stage + reads + (1|spawn_night)
d__Bacteria;p__Proteobacteria;c__Gammaproteobacteria;o__Cellvibrionales;f__Spongiibacteraceae;g__Spongiibacter;__,leachate,.Q,leachate.Q,0.790949729719103,-0.236423375684406,0.299684549038514,0.00177411833579222,0.0699022670837002,0.00354508917571504,0.10748710380768,NA,abundance,63,50,~ ordered(leachate) + stage + reads + (1|spawn_night)
d__Bacteria;p__Proteobacteria;c__Alphaproteobacteria;o__Rhodobacterales;f__Rhodobacteraceae;g__Limimaricola;__,leachate,.Q,leachate.Q,0.633954221518782,-0.236423375684406,0.248431176191647,0.00277480088751414,0.0997498009769258,0.00554190225506293,0.148511784673555,NA,abundance,63,30,~ ordered(leachate) + stage + reads + (1|spawn_night)
d__Bacteria;p__Bacteroidota;c__Bacteroidia;o__Flavobacteriales;f__Flavobacteriaceae;g__Leeuwenhoekiella;__,leachate,.Q,leachate.Q,0.337447107354323,0,0.83502481965599,0.686127228393274,1,2.435561284031e-5,0.00153846287774625,Prevalence association possibly induced by stronger abundance association,prevalence,63,55,~ ordered(leachate) + stage + reads + (1|spawn_night)
d__Bacteria;p__Proteobacteria;c__Alphaproteobacteria;o__Rhodobacterales;f__Rhodobacteraceae;g__Cognatishimia;s__uncultured_bacterium,leachate,.L,leachate.L,-0.885840073021353,0,0.999171714670473,0.375308076480998,1,3.92038716978682e-5,0.00231128603587654,Prevalence association possibly induced by stronger abundance association,prevalence,63,61,~ ordered(leachate) + stage + reads + (1|spawn_night)
d__Bacteria;p__Bacteroidota;c__Bacteroidia;o__Flavobacteriales;f__Flavobacteriaceae;g__Leeuwenhoekiella;__,leachate,.Q,leachate.Q,1.431673268152,-0.236423375684406,0.348985941368932,2.435561284031e-5,0.00199830639939202,2.435561284031e-5,0.00153846287774625,NA,abundance,63,55,~ group(leachate) + hpf + reads + (1|spawn_night)
d__Bacteria;p__Proteobacteria;c__Alphaproteobacteria;o__Rhodobacterales;f__Rhodobacteraceae;g__Cognatishimia;s__uncultured_bacterium,leachate,.L,leachate.L,-1.16599191712481,-0.111104353281006,0.225592750960696,3.92038716978682e-5,0.00287797685495719,3.92038716978682e-5,0.00231128603587654,NA,abundance,63,61,~ group(leachate) + hpf + reads + (1|spawn_night)
d__Bacteria;p__Proteobacteria;c__Gammaproteobacteria;o__Cellvibrionales;f__Spongiibacteraceae;g__Spongiibacter;__,leachate,.Q,leachate.Q,0.790949729719103,-0.236423375684406,0.299684549038514,0.00177411833579222,0.0699022670837002,0.00354508917571504,0.10748710380768,NA,abundance,63,50,~ group(leachate) + hpf + reads + (1|spawn_night)
d__Bacteria;p__Proteobacteria;c__Alphaproteobacteria;o__Rhodobacterales;f__Rhodobacteraceae;g__Limimaricola;__,leachate,.Q,leachate.Q,0.633954221518782,-0.236423375684406,0.248431176191647,0.00277480088751414,0.0997498009769258,0.00554190225506293,0.148511784673555,NA,abundance,63,30,~ group(leachate) + hpf + reads + (1|spawn_night)
d__Bacteria;p__Bacteroidota;c__Bacteroidia;o__Flavobacteriales;f__Flavobacteriaceae;g__Leeuwenhoekiella;__,leachate,.Q,leachate.Q,0.337447107354323,0,0.83502481965599,0.686127228393274,1,2.435561284031e-5,0.00153846287774625,Prevalence association possibly induced by stronger abundance association,prevalence,63,55,~ group(leachate) + hpf + reads + (1|spawn_night)
d__Bacteria;p__Proteobacteria;c__Alphaproteobacteria;o__Rhodobacterales;f__Rhodobacteraceae;g__Cognatishimia;s__uncultured_bacterium,leachate,.L,leachate.L,-0.885840073021353,0,0.999171714670473,0.375308076480998,1,3.92038716978682e-5,0.00231128603587654,Prevalence association possibly induced by stronger abundance association,prevalence,63,61,~ group(leachate) + hpf + reads + (1|spawn_night)
d__Bacteria;p__Bacteroidota;c__Bacteroidia;o__Flavobacteriales;f__Flavobacteriaceae;g__Leeuwenhoekiella;__,leachate,.Q,leachate.Q,1.431673268152,-0.236423375684406,0.348985941368932,2.435561284031e-5,0.00199830639939202,2.435561284031e-5,0.00153846287774625,NA,abundance,63,55,~ group(leachate) + stage + reads + (1|spawn_night)
d__Bacteria;p__Proteobacteria;c__Alphaproteobacteria;o__Rhodobacterales;f__Rhodobacteraceae;g__Cognatishimia;s__uncultured_bacterium,leachate,.L,leachate.L,-1.16599191712481,-0.111104353281006,0.225592750960696,3.92038716978682e-5,0.00287797685495719,3.92038716978682e-5,0.00231128603587654,NA,abundance,63,61,~ group(leachate) + stage + reads + (1|spawn_night)
d__Bacteria;p__Proteobacteria;c__Gammaproteobacteria;o__Cellvibrionales;f__Spongiibacteraceae;g__Spongiibacter;__,leachate,.Q,leachate.Q,0.790949729719103,-0.236423375684406,0.299684549038514,0.00177411833579222,0.0699022670837002,0.00354508917571504,0.10748710380768,NA,abundance,63,50,~ group(leachate) + stage + reads + (1|spawn_night)
d__Bacteria;p__Proteobacteria;c__Alphaproteobacteria;o__Rhodobacterales;f__Rhodobacteraceae;g__Limimaricola;__,leachate,.Q,leachate.Q,0.633954221518782,-0.236423375684406,0.248431176191647,0.00277480088751414,0.0997498009769258,0.00554190225506293,0.148511784673555,NA,abundance,63,30,~ group(leachate) + stage + reads + (1|spawn_night)
d__Bacteria;p__Bacteroidota;c__Bacteroidia;o__Flavobacteriales;f__Flavobacteriaceae;g__Leeuwenhoekiella;__,leachate,.Q,leachate.Q,0.337447107354323,0,0.83502481965599,0.686127228393274,1,2.435561284031e-5,0.00153846287774625,Prevalence association possibly induced by stronger abundance association,prevalence,63,55,~ group(leachate) + stage + reads + (1|spawn_night)
d__Bacteria;p__Proteobacteria;c__Alphaproteobacteria;o__Rhodobacterales;f__Rhodobacteraceae;g__Cognatishimia;s__uncultured_bacterium,leachate,.L,leachate.L,-0.885840073021353,0,0.999171714670473,0.375308076480998,1,3.92038716978682e-5,0.00231128603587654,Prevalence association possibly induced by stronger abundance association,prevalence,63,61,~ group(leachate) + stage + reads + (1|spawn_night)
d__Bacteria;p__Bacteroidota;c__Bacteroidia;o__Flavobacteriales;f__Flavobacteriaceae;g__Leeuwenhoekiella;__,leachate,.Q,leachate.Q,1.431673268152,-0.236423375684406,0.348985941368932,2.435561284031e-5,0.00199830639939202,2.435561284031e-5,0.00153846287774625,NA,abundance,63,55,~ leachate + hpf + reads + spawn_night
d__Bacteria;p__Proteobacteria;c__Alphaproteobacteria;o__Rhodobacterales;f__Rhodobacteraceae;g__Cognatishimia;s__uncultured_bacterium,leachate,.L,leachate.L,-1.16599191712481,-0.111104353281006,0.225592750960696,3.92038716978682e-5,0.00287797685495719,3.92038716978682e-5,0.00231128603587654,NA,abundance,63,61,~ leachate + hpf + reads + spawn_night
d__Bacteria;p__Proteobacteria;c__Gammaproteobacteria;o__Cellvibrionales;f__Spongiibacteraceae;g__Spongiibacter;__,leachate,.Q,leachate.Q,0.790949729719103,-0.236423375684406,0.299684549038514,0.00177411833579222,0.0699022670837002,0.00354508917571504,0.10748710380768,NA,abundance,63,50,~ leachate + hpf + reads + spawn_night
d__Bacteria;p__Proteobacteria;c__Alphaproteobacteria;o__Rhodobacterales;f__Rhodobacteraceae;g__Limimaricola;__,leachate,.Q,leachate.Q,0.633954221518782,-0.236423375684406,0.248431176191647,0.00277480088751414,0.0997498009769258,0.00554190225506293,0.148511784673555,NA,abundance,63,30,~ leachate + hpf + reads + spawn_night
d__Bacteria;p__Bacteroidota;c__Bacteroidia;o__Flavobacteriales;f__Flavobacteriaceae;g__Leeuwenhoekiella;__,leachate,.Q,leachate.Q,0.337447107354323,0,0.83502481965599,0.686127228393274,1,2.435561284031e-5,0.00153846287774625,Prevalence association possibly induced by stronger abundance association,prevalence,63,55,~ leachate + hpf + reads + spawn_night
d__Bacteria;p__Proteobacteria;c__Alphaproteobacteria;o__Rhodobacterales;f__Rhodobacteraceae;g__Cognatishimia;s__uncultured_bacterium,leachate,.L,leachate.L,-0.885840073021353,0,0.999171714670473,0.375308076480998,1,3.92038716978682e-5,0.00231128603587654,Prevalence association possibly induced by stronger abundance association,prevalence,63,61,~ leachate + hpf + reads + spawn_night
d__Bacteria;p__Bacteroidota;c__Bacteroidia;o__Flavobacteriales;f__Flavobacteriaceae;g__Leeuwenhoekiella;__,leachate,.Q,leachate.Q,1.44886244241706,-0.217780835936964,0.351707698597083,2.85356160070194e-5,0.00257148539649462,2.85356160070194e-5,0.00208481898152489,NA,abundance,63,55,~ leachate + stage + reads + spawn_night
d__Bacteria;p__Proteobacteria;c__Alphaproteobacteria;o__Rhodobacterales;f__Rhodobacteraceae;g__Cognatishimia;s__uncultured_bacterium,leachate,.L,leachate.L,-1.17042372034183,-0.107796094289186,0.228102073295848,4.33500087989591e-5,0.00365445235466494,4.33500087989591e-5,0.00302154544088377,NA,abundance,63,61,~ leachate + stage + reads + spawn_night
d__Bacteria;p__Proteobacteria;c__Gammaproteobacteria;o__Oceanospirillales;f__Halomonadaceae;g__Halomonas;__,leachate,.Q,leachate.Q,1.81468388595406,-0.217780835936964,0.498344947450373,0.00122043718439047,0.05837344365031,0.00122043718439047,0.0510662880158856,NA,abundance,63,23,~ leachate + stage + reads + spawn_night
d__Bacteria;p__Proteobacteria;c__Gammaproteobacteria;o__Cellvibrionales;f__Spongiibacteraceae;g__Spongiibacter;__,leachate,.Q,leachate.Q,0.803281956920046,-0.217780835936964,0.302263763452108,0.00210291077422209,0.0915934470550065,0.00420139931471984,0.139220139040771,NA,abundance,63,50,~ leachate + stage + reads + spawn_night
d__Bacteria;p__Proteobacteria;c__Gammaproteobacteria;o__Oceanospirillales;f__Halomonadaceae;g__Halomonas;__,leachate,.Q,leachate.Q,1.55711885839904,0,0.660175691078122,0.0183418850348859,0.405071489221141,0.00122043718439047,0.0510662880158856,Prevalence association possibly induced by stronger abundance association,prevalence,63,23,~ leachate + stage + reads + spawn_night
d__Bacteria;p__Bacteroidota;c__Bacteroidia;o__Flavobacteriales;f__Flavobacteriaceae;g__Leeuwenhoekiella;__,leachate,.Q,leachate.Q,0.357684578276478,0,0.826076667543154,0.665020590656771,1,2.85356160070194e-5,0.00208481898152489,Prevalence association possibly induced by stronger abundance association,prevalence,63,55,~ leachate + stage + reads + spawn_night
d__Bacteria;p__Proteobacteria;c__Alphaproteobacteria;o__Rhodobacterales;f__Rhodobacteraceae;g__Cognatishimia;s__uncultured_bacterium,leachate,.L,leachate.L,-0.813456808883436,0,0.950985773005899,0.39233929991051,1,4.33500087989591e-5,0.00302154544088377,Prevalence association possibly induced by stronger abundance association,prevalence,63,61,~ leachate + stage + reads + spawn_night
d__Bacteria;p__Bacteroidota;c__Bacteroidia;o__Flavobacteriales;f__Flavobacteriaceae;g__Leeuwenhoekiella;__,leachate,.Q,leachate.Q,1.52734233546005,-0.260301657031741,0.354672030331478,2.00313253049256e-5,0.00263032956740489,2.00313253049256e-5,0.00205185737582886,NA,abundance,63,55,~ leachate * hpf + reads + spawn_night
d__Bacteria;p__Proteobacteria;c__Alphaproteobacteria;o__Rhodobacterales;f__Rhodobacteraceae;g__Cognatishimia;s__uncultured_bacterium,leachate,.L,leachate.L,-1.13328550792125,-0.0932498833852538,0.227431797083197,2.4763974989428e-4,0.0211080302607256,2.4763974989428e-4,0.0182243621766858,NA,abundance,63,61,~ leachate * hpf + reads + spawn_night
d__Bacteria;p__Proteobacteria;c__Alphaproteobacteria;o__Rhodobacterales;f__Rhodobacteraceae;g__Limimaricola;__,leachate,.Q,leachate.Q,0.707498866005667,-0.260301657031741,0.234479304620456,0.00157118395330791,0.0949241327207467,0.00313989928760068,0.148600239147196,NA,abundance,63,30,~ leachate * hpf + reads + spawn_night
d__Bacteria;p__Bacteroidota;c__Bacteroidia;o__Flavobacteriales;f__Flavobacteriaceae;g__Leeuwenhoekiella;__,leachate,.Q,leachate.Q,0.0303315773549768,0,0.873628658742895,0.972303751878912,1,2.00313253049256e-5,0.00205185737582886,Prevalence association possibly induced by stronger abundance association,prevalence,63,55,~ leachate * hpf + reads + spawn_night
d__Bacteria;p__Proteobacteria;c__Alphaproteobacteria;o__Rhodobacterales;f__Rhodobacteraceae;g__Cognatishimia;s__uncultured_bacterium,leachate,.L,leachate.L,-0.541425430980151,0,0.912024938958559,0.552744892187739,1,2.4763974989428e-4,0.0182243621766858,Prevalence association possibly induced by stronger abundance association,prevalence,63,61,~ leachate * hpf + reads + spawn_night
d__Bacteria;p__Bacteroidota;c__Bacteroidia;o__Flavobacteriales;f__Flavobacteriaceae;g__Leeuwenhoekiella;__,leachate,.Q,leachate.Q,1.60788214765331,-0.24162485801784,0.361038517906901,2.38432751175077e-5,0.00449207303213846,2.38432751175077e-5,0.00366702660213032,NA,abundance,63,55,~ leachate * stage + reads + spawn_night
d__Bacteria;p__Proteobacteria;c__Alphaproteobacteria;o__Rhodobacterales;f__Rhodobacteraceae;g__Cognatishimia;s__uncultured_bacterium,leachate,.L,leachate.L,-1.12062721631254,-0.0917330586555058,0.232926786063955,8.7832722979941e-4,0.0870930789969524,8.7832722979941e-4,0.0776734046885948,NA,abundance,63,61,~ leachate * stage + reads + spawn_night
d__Bacteria;p__Bacteroidota;c__Bacteroidia;o__Flavobacteriales;f__Flavobacteriaceae;g__Leeuwenhoekiella;__,leachate,.Q,leachate.Q,0.119456693524722,0,0.732646253145779,0.87048044054914,1,2.38432751175077e-5,0.00366702660213032,Prevalence association possibly induced by stronger abundance association,prevalence,63,55,~ leachate * stage + reads + spawn_night
d__Bacteria;p__Proteobacteria;c__Alphaproteobacteria;o__Rhodobacterales;f__Rhodobacteraceae;g__Cognatishimia;s__uncultured_bacterium,leachate,.L,leachate.L,-0.464642119364873,0,0.781907859526618,0.55235058237489,1,8.7832722979941e-4,0.0776734046885948,Prevalence association possibly induced by stronger abundance association,prevalence,63,61,~ leachate * stage + reads + spawn_night
